Date,Open,Adj Close
2007/5/30,20342.96094,20293.75977
2007/5/31,20405.94922,20634.4707
2007/6/1,20717.26953,20602.86914
2007/6/4,20698.99023,20729.58984
2007/6/5,20820.48047,20842.15039
2007/6/6,20850.25977,20818.60938
2007/6/7,20637.90039,20800.16016
2007/6/8,20531.84961,20509.15039
2007/6/11,20649.05078,20615.49023
2007/6/12,20654.4707,20636.39063
2007/6/13,20527.26953,20578.75
2007/6/14,20714.85938,20867.25977
2007/6/15,21024.32031,21017.05078
2007/6/18,21256.28906,21582.89063
2007/6/20,21645.06055,21684.66992
2007/6/21,21784.11914,21954.66992
2007/6/22,21879.5,21999.91016
2007/6/25,21884.09961,21822.34961
2007/6/26,21800.76953,21803.57031
2007/6/27,21775.17969,21705.56055
2007/6/28,21912.78906,21938.2207
2007/6/29,21997.25,21772.73047
2007/7/3,22004.14063,22151.14063
2007/7/4,22279.83008,22218.55078
2007/7/5,22272.81055,22252.99023
2007/7/6,22217.46094,22531.74023
2007/7/9,22719.99023,22817.42969
2007/7/10,22833.4707,22885.83984
2007/7/11,22655.38086,22607.01953
2007/7/12,22797.75,22809.01953
2007/7/13,23199.06055,23099.28906
2007/7/16,23098.66016,22953.93945
2007/7/17,22915.78906,23057.30078
2007/7/18,22956.9707,22841.91992
2007/7/19,22864.75,23016.19922
2007/7/20,23195.41016,23291.90039
2007/7/23,23170.34961,23365.56055
2007/7/24,23459.74023,23472.88086
2007/7/25,23228.56055,23362.17969
2007/7/26,23494.03906,23211.68945
2007/7/27,22647.10938,22570.41016
2007/7/30,22478.76953,22739.90039
2007/7/31,23023.42969,23184.93945
2007/8/1,23018.19922,22455.35938
2007/8/2,22730.40039,22443.25
2007/8/3,22625.38086,22538.43945
2007/8/6,22128.06055,21936.73047
2007/8/7,22171.90039,21907.99023
2007/8/8,22102.75977,22536.66992
2007/8/9,22715.08008,22439.35938
2007/8/10,21797.39063,21792.71094
2007/8/13,21932,21891.09961
2007/8/14,21886.25977,22007.32031
2007/8/15,21637.5,21375.7207
2007/8/16,20841.23047,20672.39063
2007/8/17,20761.31055,20387.13086
2007/8/20,21140.73047,21595.63086
2007/8/21,22228.24023,21729.34961
2007/8/22,21949.39063,22346.88086
2007/8/23,23055.11914,22966.9707
2007/8/24,22718.53906,22921.89063
2007/8/27,23358.38086,23577.73047
2007/8/28,23750.25,23363.75977
2007/8/29,22802.83008,23020.59961
2007/8/30,23509.98047,23484.53906
2007/8/31,23584.66016,23984.14063
2007/9/3,23611.01953,23904.08984
2007/9/4,23937.46094,23886.07031
2007/9/5,24196.58984,24069.16992
2007/9/6,23857.9707,24050.40039
2007/9/7,24036.35938,23982.60938
2007/9/10,23584.07031,23999.69922
2007/9/11,24000.17969,23952.24023
2007/9/12,24195.38086,24310.14063
2007/9/13,24475.9707,24537.01953
2007/9/14,24750.03906,24898.10938
2007/9/17,24977.41992,24599.33984
2007/9/18,24503.83008,24576.84961
2007/9/19,25511.35938,25554.64063
2007/9/20,25638.31055,25701.13086
2007/9/21,25659.96094,25843.7793
2007/9/24,26002.09961,26551.93945
2007/9/25,26388.85938,26430.28906
2007/9/27,26664.78906,27065.15039
2007/9/28,27126.13086,27142.4707
2007/10/2,27816.91992,28199.75
2007/10/3,28163.26953,27479.93945
2007/10/4,27108.26953,26973.98047
2007/10/5,27329.65039,27831.51953
2007/10/8,28233.30078,27770.28906
2007/10/9,27817.10938,28228.03906
2007/10/10,28654.94922,28569.33008
2007/10/11,28689.73047,29133.01953
2007/10/12,28773.06055,28838.36914
2007/10/15,29147.83984,29540.7793
2007/10/16,29238.28906,28954.55078
2007/10/17,28674.26953,29298.71094
2007/10/18,30013.48047,29465.05078
2007/10/22,28336.9707,28373.63086
2007/10/23,28726.96094,29376.85938
2007/10/24,29810.38086,29333.5293
2007/10/25,29660.4707,29854.49023
2007/10/26,30215.19922,30405.2207
2007/10/29,30986.2207,31586.90039
2007/10/30,31361.91016,31638.2207
2007/10/31,31530.96094,31352.58008
2007/11/1,31783.4707,31492.88086
2007/11/2,30580.07031,30468.33984
2007/11/5,30165.7793,28942.32031
2007/11/6,29220.03906,29438.13086
2007/11/7,30054.08008,29708.92969
2007/11/8,28758.7207,28760.2207
2007/11/9,28510.5293,28783.41016
2007/11/12,28061.44922,27665.73047
2007/11/13,27561.57031,27803.34961
2007/11/14,28787.40039,29166.00977
2007/11/15,29078.21094,28751.21094
2007/11/16,28037.17969,27614.42969
2007/11/19,27628.9707,27460.16992
2007/11/20,26583.64063,27771.21094
2007/11/21,27277.7207,26618.18945
2007/11/22,26318.21094,26004.91992
2007/11/23,26484.74023,26541.08984
2007/11/26,27398.5293,27626.61914
2007/11/27,26704.75977,27210.21094
2007/11/28,27315.92969,27371.24023
2007/11/29,28337.10938,28482.53906
2007/11/30,28604.67969,28643.60938
2007/12/3,28825.0293,28658.41992
2007/12/4,28544.17969,28879.58984
2007/12/5,28942.23047,29345.44922
2007/12/6,29769.15039,29558.91992
2007/12/7,29890.64063,28842.4707
2007/12/10,29017.69922,28501.09961
2007/12/11,28947.69922,29226.83984
2007/12/12,28611.64063,28521.06055
2007/12/13,28518.7793,27744.44922
2007/12/14,27708.31055,27563.64063
2007/12/17,27236.44922,26596.58008
2007/12/18,26515.08984,26732.86914
2007/12/19,26880.08984,27029.25977
2007/12/20,27034.59961,27017.08984
2007/12/21,27192.80078,27626.91992
2007/12/24,27965.25,28128.80078
2007/12/27,28337.4707,27842.92969
2007/12/28,27511.53906,27370.59961
2007/12/31,27437.93945,27812.65039
2008/1/2,27632.19922,27560.51953
2008/1/3,27050.0293,26887.2793
2008/1/4,27004.33984,27519.68945
2008/1/7,26962.53906,27179.49023
2008/1/8,27466.96094,27112.90039
2008/1/9,26847.49023,27615.84961
2008/1/10,27426.41992,27230.85938
2008/1/11,27435.50977,26867.00977
2008/1/14,27019.13086,26468.13086
2008/1/15,26728.92969,25837.7793
2008/1/16,25131.10938,24450.84961
2008/1/17,24705.08008,25114.98047
2008/1/18,24247.16992,25201.86914
2008/1/21,24459.01953,23818.85938
2008/1/22,22624.28906,21757.63086
2008/1/23,23359.19922,24090.16992
2008/1/24,24396.84961,23539.26953
2008/1/25,24801.46094,25122.36914
2008/1/28,24342.39063,24053.60938
2008/1/29,24640.09961,24291.80078
2008/1/30,24605.15039,23653.68945
2008/1/31,23789.7207,23455.74023
2008/2/1,23791.91992,24123.58008
2008/2/4,24885.07031,25032.08008
2008/2/5,24710.09961,24808.69922
2008/2/6,23458.15039,23469.46094
2008/2/11,23404.74023,22616.10938
2008/2/12,22953.7793,22921.66992
2008/2/13,23330.08984,23169.55078
2008/2/14,23893.50977,24021.67969
2008/2/15,23511.4707,24148.42969
2008/2/18,24344.26953,23759.25
2008/2/19,24040.66016,24123.16992
2008/2/20,24265.32031,23590.58008
2008/2/21,23957.64063,23623
2008/2/22,23233.90039,23305.03906
2008/2/25,23546.09961,23269.14063
2008/2/26,23564.76953,23714.75
2008/2/27,24161.18945,24483.83984
2008/2/28,24373.90039,24591.68945
2008/2/29,24226.83008,24331.66992
2008/3/3,23491.57031,23584.9707
2008/3/4,23858.03906,23119.86914
2008/3/5,23066.64063,23114.33984
2008/3/6,23360.67969,23342.73047
2008/3/7,22694.23047,22501.33008
2008/3/10,22387.25,22705.05078
2008/3/11,22634.71094,22995.34961
2008/3/12,23737.65039,23422.75977
2008/3/13,22925.41992,22301.64063
2008/3/14,22536.11914,22237.10938
2008/3/17,21318.0293,21084.60938
2008/3/18,21444.60938,21384.60938
2008/3/19,22191.88086,21866.93945
2008/3/20,21173.30078,21108.2207
2008/3/25,21841.7793,22464.51953
2008/3/26,22581.75,22617.00977
2008/3/27,22312.57031,22664.2207
2008/3/28,22750.31055,23285.94922
2008/3/31,22997.03906,22849.19922
2008/4/1,23084.92969,23137.46094
2008/4/2,24133.76953,23872.42969
2008/4/3,23947.55078,24264.63086
2008/4/7,24484.83008,24578.75977
2008/4/8,24507.07031,24311.68945
2008/4/9,24293.41992,23984.57031
2008/4/10,24101.41016,24187.09961
2008/4/11,24442.26953,24667.78906
2008/4/14,23968.03906,23811.19922
2008/4/15,23950.40039,23901.33008
2008/4/16,24075.67969,23878.34961
2008/4/17,24369.85938,24258.96094
2008/4/18,24234.5293,24197.7793
2008/4/21,24821,24721.66992
2008/4/22,24460.64063,24939.15039
2008/4/23,25000.49023,25289.24023
2008/4/24,25776.28906,25680.7793
2008/4/25,25852.9707,25516.7793
2008/4/28,25613.16992,25666.28906
2008/4/29,25661.96094,25914.15039
2008/4/30,25998.26953,25755.34961
2008/5/2,26324.9707,26241.01953
2008/5/5,26321.60938,26183.94922
2008/5/6,26084.60938,26262.13086
2008/5/7,26377.99023,25610.21094
2008/5/8,25442.51953,25449.78906
2008/5/9,25401.91016,25063.16992
2008/5/13,25190.17969,25552.76953
2008/5/14,25461.36914,25533.48047
2008/5/15,25719.01953,25513.71094
2008/5/16,25665.64063,25618.85938
2008/5/19,25592.21094,25742.23047
2008/5/20,25692.26953,25169.46094
2008/5/21,24828.03906,25460.28906
2008/5/22,24984.2793,25043.11914
2008/5/23,25085.34961,24714.07031
2008/5/26,24234.34961,24127.31055
2008/5/27,24239.05078,24282.03906
2008/5/28,24209.0293,24249.50977
2008/5/29,24542.09961,24383.99023
2008/5/30,24448.36914,24533.11914
2008/6/2,24542.28906,24831.35938
2008/6/3,24556.17969,24375.75977
2008/6/4,24327.7207,24123.25
2008/6/5,24150.5293,24255.28906
2008/6/6,24505.59961,24402.17969
2008/6/10,23689.16016,23375.51953
2008/6/11,23288.96094,23327.59961
2008/6/12,22820.89063,23023.85938
2008/6/13,22920.76953,22592.30078
2008/6/16,22814.16992,23029.68945
2008/6/17,23008.08008,23057.99023
2008/6/18,23114.44922,23325.80078
2008/6/19,22849.35938,22797.60938
2008/6/20,22817.99023,22745.59961
2008/6/23,22407.08984,22714.96094
2008/6/24,22697.25977,22456.01953
2008/6/25,22745.16992,22635.16016
2008/6/26,22742.53906,22455.66992
2008/6/27,21901.26953,22042.34961
2008/6/30,22237.91992,22102.00977
2008/7/2,21785.39063,21704.44922
2008/7/3,21389.49023,21242.7793
2008/7/4,21402.16992,21423.82031
2008/7/7,21402.69922,21913.06055
2008/7/8,21632.69922,21220.81055
2008/7/9,21740.85938,21805.81055
2008/7/10,21562.07031,21821.7793
2008/7/11,21834.64063,22184.55078
2008/7/14,22205,22014.46094
2008/7/15,21644.03906,21174.76953
2008/7/16,20988.74023,21223.5
2008/7/17,21825.24023,21734.7207
2008/7/18,22010.93945,21874.18945
2008/7/21,22523.2793,22532.90039
2008/7/22,22430.58984,22527.48047
2008/7/23,22900.76953,23134.55078
2008/7/24,23330.89063,23087.7207
2008/7/25,22751.50977,22740.71094
2008/7/28,22801.84961,22687.21094
2008/7/29,22265.92969,22258
2008/7/30,22637.33008,22690.59961
2008/7/31,22878.75977,22731.09961
2008/8/1,22497.90039,22862.59961
2008/8/4,22630.58984,22514.91992
2008/8/5,22225.06055,21949.75
2008/8/6,null,null
2008/8/7,22403.25977,22104.19922
2008/8/8,21997.64063,21885.21094
2008/8/11,22020.53906,21859.33984
2008/8/12,21992.17969,21640.89063
2008/8/13,21270.85938,21293.32031
2008/8/14,21302.69922,21392.71094
2008/8/15,21383.71094,21160.58008
2008/8/18,21163.00977,20930.66992
2008/8/19,20675.75,20484.36914
2008/8/20,20388.78906,20931.25977
2008/8/21,20762.65039,20392.06055
2008/8/22,20392.06055,20392.06055
2008/8/25,20739.48047,21104.78906
2008/8/26,20849.08008,21056.66016
2008/8/27,21104.56055,21464.7207
2008/8/28,21546.93945,20972.28906
2008/8/29,21289.69922,21261.89063
2008/9/1,20999.32031,20906.31055
2008/9/2,20956.93945,21042.46094
2008/9/3,20964.75,20585.06055
2008/9/4,20545.38086,20389.48047
2008/9/5,19833.86914,19933.2793
2008/9/8,20840.68945,20794.26953
2008/9/9,20439.4707,20491.10938
2008/9/10,20114.85938,19999.7793
2008/9/11,19854.82031,19388.7207
2008/9/12,19432.7207,19352.90039
2008/9/16,18325.65039,18300.60938
2008/9/17,18691.30078,17637.18945
2008/9/18,17120.23047,17632.46094
2008/9/19,18878.25977,19327.73047
2008/9/22,19869.01953,19632.19922
2008/9/23,19178.49023,18872.84961
2008/9/24,18954.32031,18961.99023
2008/9/25,19003.2207,18934.42969
2008/9/26,18909.58984,18682.08984
2008/9/29,18742.25,17880.67969
2008/9/30,16898.33008,18016.21094
2008/10/2,17870.42969,18211.10938
2008/10/3,17788.99023,17682.40039
2008/10/6,17156.21094,16803.75977
2008/10/8,16107.98047,15431.73047
2008/10/9,15550.86035,15943.24023
2008/10/10,14717.51953,14796.87012
2008/10/13,15156.16016,16312.16016
2008/10/14,17141.05078,16832.88086
2008/10/15,16609.08984,15998.29981
2008/10/16,14902.33984,15230.51953
2008/10/17,15081.45996,14554.20996
2008/10/20,14691.90039,15323.00977
2008/10/21,15616.95996,15041.16992
2008/10/22,14878.20996,14266.59961
2008/10/23,13596.30957,13760.49023
2008/10/24,13478.62988,12618.37988
2008/10/27,12372.75,11015.83984
2008/10/28,11154.57031,12596.29004
2008/10/29,12807.34961,12702.07031
2008/10/30,13280.44043,14329.84961
2008/10/31,14037.37012,13968.66992
2008/11/3,14436.03027,14344.37012
2008/11/4,14337.62012,14384.33984
2008/11/5,15045.53027,14840.16016
2008/11/6,14081.75977,13790.04004
2008/11/7,13273.08984,14243.42969
2008/11/10,15033.17969,14744.62988
2008/11/11,14322.9502,14040.90039
2008/11/12,14155.25977,13939.08984
2008/11/13,13068.92969,13221.34961
2008/11/14,13749.53027,13542.66016
2008/11/17,13584.34961,13529.53027
2008/11/18,13298.87988,12915.88965
2008/11/19,12827.37012,12815.79981
2008/11/20,12170.98047,12298.55957
2008/11/21,11814.80957,12659.2002
2008/11/24,12239.49023,12457.94043
2008/11/25,13012,12878.59961
2008/11/26,12990.34961,13369.4502
2008/11/27,13901.4502,13552.05957
2008/11/28,13550.29004,13888.24023
2008/12/1,13775.28027,14108.83984
2008/12/2,13373.01953,13405.84961
2008/12/3,13598.59961,13588.66016
2008/12/4,13857.29004,13509.78027
2008/12/5,13718.91992,13846.08984
2008/12/8,14303.25,15044.87012
2008/12/9,15032.33008,14753.21973
2008/12/10,14946,15577.74023
2008/12/11,15533.62012,15613.90039
2008/12/12,15287.7002,14758.38965
2008/12/15,15363.49023,15046.9502
2008/12/16,15018.45996,15130.20996
2008/12/17,15544.96973,15460.51953
2008/12/18,15335.29981,15497.80957
2008/12/19,15235.21973,15127.50977
2008/12/22,15177.12012,14622.38965
2008/12/23,14472.03027,14220.79004
2008/12/24,13855.88965,14184.13965
2008/12/29,14080.86035,14328.48047
2008/12/30,14476.74023,14235.5
2008/12/31,14377.50977,14387.48047
2009/1/2,14448.21973,15042.80957
2009/1/5,15349.33008,15563.30957
2009/1/6,15612.46973,15509.50977
2009/1/7,15759.53027,14987.45996
2009/1/8,14755.80957,14415.91016
2009/1/9,14530.83008,14377.44043
2009/1/12,14312.25977,13971
2009/1/13,13930.26953,13668.04981
2009/1/14,13807.03027,13704.61035
2009/1/15,13136.23047,13242.95996
2009/1/16,13278.96973,13255.50977
2009/1/19,13414.08984,13339.99023
2009/1/20,12854.40039,12959.76953
2009/1/21,12534.59961,12583.62988
2009/1/22,12844.37012,12657.99023
2009/1/23,12542.00977,12578.59961
2009/1/29,13560.07031,13154.42969
2009/1/30,12958.08008,13278.20996
2009/2/2,13194,12861.49023
2009/2/3,12991.49023,12776.88965
2009/2/4,13029.41992,13063.88965
2009/2/5,13084.79004,13178.90039
2009/2/6,13535.75977,13655.04004
2009/2/9,13865.58984,13769.05957
2009/2/10,13787.12012,13880.63965
2009/2/11,13546.13965,13539.20996
2009/2/12,13439.58008,13228.29981
2009/2/13,13314.80957,13554.66992
2009/2/16,13559.82031,13455.87988
2009/2/17,13195.50977,12945.40039
2009/2/18,12783.79004,13016
2009/2/19,12873.09961,13023.36035
2009/2/20,12719.13965,12699.16992
2009/2/23,12777.95996,13175.09961
2009/2/24,12789.29004,12798.51953
2009/2/25,12979.86035,13005.08008
2009/2/26,13070.41016,12894.94043
2009/2/27,12929.99023,12811.57031
2009/3/2,12522.61035,12317.45996
2009/3/3,11967.07031,12033.87988
2009/3/4,11880.16992,12331.15039
2009/3/5,12488.33008,12211.24023
2009/3/6,12041.82031,11921.51953
2009/3/9,11872.45996,11344.58008
2009/3/10,11542.87988,11694.04981
2009/3/11,12228.21973,11930.66016
2009/3/12,11905.46973,12001.53027
2009/3/13,12395.17969,12525.79981
2009/3/16,12657.87012,12976.70996
2009/3/17,12948.84961,12878.08984
2009/3/18,13052.9502,13117.16992
2009/3/19,13205.16992,13130.91992
2009/3/20,13157.90039,12833.50977
2009/3/23,13001.54981,13447.41992
2009/3/24,13773.16992,13910.33984
2009/3/25,13754.76953,13622.11035
2009/3/26,13821.28027,14108.98047
2009/3/27,14257.55957,14119.5
2009/3/30,13893.15039,13456.33008
2009/3/31,13545.36035,13576.01953
2009/4/1,13746.17969,13519.54004
2009/4/2,13963.33984,14521.96973
2009/4/3,14547.51953,14545.69043
2009/4/6,14920.83984,14998.04004
2009/4/7,14922.08984,14928.96973
2009/4/8,14715.7002,14474.86035
2009/4/9,14686.48047,14901.41016
2009/4/14,15302.13965,15580.16016
2009/4/15,15344.58984,15669.62012
2009/4/16,15928.82031,15582.99023
2009/4/17,15956.45996,15601.26953
2009/4/20,15574.32031,15750.91016
2009/4/21,15065.58984,15285.88965
2009/4/22,15328.83008,14878.4502
2009/4/23,14958.24023,15214.45996
2009/4/24,15217.37012,15258.84961
2009/4/27,15160.69043,14840.41992
2009/4/28,15057.25,14555.11035
2009/4/29,14767.91992,14956.9502
2009/4/30,15369.11035,15520.99023
2009/5/4,15869.28027,16381.04981
2009/5/5,16572,16430.08008
2009/5/6,16348.75977,16834.57031
2009/5/7,17278.31055,17217.89063
2009/5/8,17149.31055,17389.86914
2009/5/11,17381,17087.94922
2009/5/12,16996.21094,17153.64063
2009/5/13,17097.82031,17059.61914
2009/5/14,16630.33008,16541.68945
2009/5/15,16818.81055,16790.69922
2009/5/18,16468.71094,17022.91016
2009/5/19,17454.23047,17544.0293
2009/5/20,17486.39063,17475.83984
2009/5/21,17291.43945,17199.49023
2009/5/22,17169.57031,17062.51953
2009/5/25,16999.05078,17121.82031
2009/5/26,17050.33984,16991.56055
2009/5/27,17395.60938,17885.26953
2009/5/29,18027.92969,18171
2009/6/1,18499.91992,18888.58984
2009/6/2,18916.60938,18389.08008
2009/6/3,18616.93945,18576.4707
2009/6/4,18417.90039,18502.76953
2009/6/5,18674.48047,18679.5293
2009/6/8,18521.78906,18253.39063
2009/6/9,18450.64063,18058.49023
2009/6/10,18339.91016,18785.66016
2009/6/11,18578.89063,18791.0293
2009/6/12,19034.78906,18889.67969
2009/6/15,18712.06055,18498.96094
2009/6/16,18235.9707,18165.5
2009/6/17,17984.83008,18084.59961
2009/6/18,17955.67969,17776.66016
2009/6/19,17936.33008,17920.92969
2009/6/22,17906.39063,18059.55078
2009/6/23,17577.73047,17538.36914
2009/6/24,17583.34961,17892.15039
2009/6/25,18140.16016,18275.0293
2009/6/26,18408.36914,18600.25977
2009/6/29,18561.10938,18528.50977
2009/6/30,18883.24023,18378.73047
2009/7/2,18780.96094,18178.05078
2009/7/3,17961.17969,18203.40039
2009/7/6,18020.09961,17979.41016
2009/7/7,17943.49023,17862.26953
2009/7/8,17652.98047,17721.07031
2009/7/9,17793.60938,17790.58984
2009/7/10,17800.05078,17708.41992
2009/7/13,17612.44922,17254.63086
2009/7/14,17631.66992,17885.73047
2009/7/15,18042.58984,18258.66016
2009/7/16,18688.86914,18361.86914
2009/7/17,18551.91016,18805.66016
2009/7/20,19005.18945,19502.36914
2009/7/21,19601.85938,19501.73047
2009/7/22,19560.41992,19248.16992
2009/7/23,19431.91992,19817.69922
2009/7/24,20063.92969,19982.78906
2009/7/27,20170.73047,20251.61914
2009/7/28,20261.93945,20624.53906
2009/7/29,20404.50977,20135.5
2009/7/30,20150.25977,20234.08008
2009/7/31,20546.07031,20573.33008
2009/8/3,20582.67969,20807.25977
2009/8/4,21196.75,20796.42969
2009/8/5,20779.76953,20494.76953
2009/8/6,20484.33984,20899.24023
2009/8/7,20708.11914,20375.36914
2009/8/10,20758.51953,20929.51953
2009/8/11,20774.9707,21074.21094
2009/8/12,20725.90039,20435.24023
2009/8/13,20767.85938,20861.30078
2009/8/14,21023.96094,20893.33008
2009/8/17,20467.30078,20137.65039
2009/8/18,20125.55078,20306.26953
2009/8/19,20195.08984,19954.23047
2009/8/20,20282.7207,20328.85938
2009/8/21,20288.56055,20199.01953
2009/8/24,20649.96094,20535.93945
2009/8/25,20246.78906,20435.24023
2009/8/26,20542.75977,20456.32031
2009/8/27,20289.33984,20242.75
2009/8/28,20409.13086,20098.61914
2009/8/31,19827.13086,19724.18945
2009/9/1,19961.74023,19872.30078
2009/9/2,19560.26953,19522
2009/9/3,19526.89063,19761.67969
2009/9/4,19830.01953,20318.61914
2009/9/7,20502.84961,20629.31055
2009/9/8,20617.40039,21069.81055
2009/9/9,21085.08984,20851.03906
2009/9/10,21131.08008,21069.56055
2009/9/11,21122.31055,21161.41992
2009/9/14,20841.50977,20932.19922
2009/9/15,21049.2207,20866.36914
2009/9/16,21086.75,21402.91992
2009/9/17,21674.71094,21768.50977
2009/9/18,21640.9707,21623.44922
2009/9/21,21574.93945,21472.84961
2009/9/22,21594.33984,21701.14063
2009/9/23,21655.61914,21595.51953
2009/9/24,21386.4707,21050.73047
2009/9/25,20810.81055,21024.40039
2009/9/28,20798.51953,20588.41016
2009/9/29,20889.81055,21013.16992
2009/9/30,21036.17969,20955.25
2009/10/2,20380.23047,20375.49023
2009/10/5,20342.58008,20429.07031
2009/10/6,20509.64063,20811.5293
2009/10/7,21074.98047,21241.58984
2009/10/8,21418.26953,21492.90039
2009/10/9,21572.69922,21499.43945
2009/10/12,21623.33008,21299.34961
2009/10/13,21371.82031,21467.35938
2009/10/14,21564.33008,21886.48047
2009/10/15,22209.18945,21999.08008
2009/10/16,22138.06055,21929.90039
2009/10/19,21761.83008,22200.46094
2009/10/20,22260.41016,22384.96094
2009/10/21,22299.65039,22318.10938
2009/10/22,22237.36914,22210.51953
2009/10/23,22438.90039,22589.73047
2009/10/27,22016.78906,22169.58984
2009/10/28,22004.55078,21761.58008
2009/10/29,21290.08984,21264.99023
2009/10/30,21720.41016,21752.86914
2009/11/2,21194.11914,21620.18945
2009/11/3,21598.63086,21240.06055
2009/11/4,21396.5,21614.76953
2009/11/5,21405.06055,21479.08008
2009/11/6,21866.7207,21829.7207
2009/11/9,22004.50977,22207.55078
2009/11/10,22556.56055,22268.16016
2009/11/11,22534.14063,22627.21094
2009/11/12,22660.4707,22397.57031
2009/11/13,22381.33984,22553.63086
2009/11/16,22789.99023,22943.98047
2009/11/17,23000.36914,22914.15039
2009/11/18,22974.35938,22840.33008
2009/11/19,22894.83984,22643.16016
2009/11/20,22486.56055,22455.83984
2009/11/23,22541.68945,22771.39063
2009/11/24,22697.61914,22423.14063
2009/11/25,22505.92969,22611.80078
2009/11/26,22580.25,22210.41016
2009/11/27,21623.91992,21134.5
2009/11/30,21687.68945,21821.5
2009/12/1,21813.41992,22113.15039
2009/12/2,22402.50977,22289.57031
2009/12/3,22503.67969,22553.86914
2009/12/4,22400.49023,22498.15039
2009/12/7,22387.23047,22324.96094
2009/12/8,22306.16992,22060.51953
2009/12/9,21905.80078,21741.75977
2009/12/10,21939.11914,21700.03906
2009/12/11,21796.83008,21902.10938
2009/12/14,21638.9707,22085.75
2009/12/15,22032.16016,21813.91992
2009/12/16,21840.25,21611.74023
2009/12/17,21665.78906,21347.63086
2009/12/18,21162.42969,21175.88086
2009/12/21,21110.24023,20948.09961
2009/12/22,21151.84961,21092.03906
2009/12/23,21115.88086,21328.74023
2009/12/24,21378.78906,21517
2009/12/28,21622.13086,21480.2207
2009/12/29,21544.43945,21499.43945
2009/12/30,21469.33008,21496.61914
2009/12/31,21654.25,21872.5
2010/1/4,21860.03906,21823.2793
2010/1/5,22092.15039,22279.58008
2010/1/6,22357.46094,22416.66992
2010/1/7,22548.0293,22269.44922
2010/1/8,22282.75,22296.75
2010/1/11,22524.17969,22411.51953
2010/1/12,22378.23047,22326.64063
2010/1/13,21990.67969,21748.59961
2010/1/14,21871.00977,21716.94922
2010/1/15,21715.08984,21654.16016
2010/1/18,21418.33984,21460.00977
2010/1/19,21481.10938,21677.98047
2010/1/20,21543.25,21286.16992
2010/1/21,21192.83008,20862.66992
2010/1/22,20527.19922,20726.17969
2010/1/25,20447.78906,20598.55078
2010/1/26,20560.10938,20109.33008
2010/1/27,20185.80078,20033.07031
2010/1/28,20202.33008,20356.36914
2010/1/29,20026.51953,20121.99023
2010/2/1,19987.66992,20243.75
2010/2/2,20432.96094,20272.17969
2010/2/3,20486.15039,20722.08008
2010/2/4,20534.74023,20341.64063
2010/2/5,19706.24023,19665.08008
2010/2/8,19614.84961,19550.89063
2010/2/9,19493.5,19790.2793
2010/2/10,19914.83984,19922.2207
2010/2/11,20095.5293,20290.68945
2010/2/12,20240.66992,20268.68945
2010/2/17,20657.85938,20534.00977
2010/2/18,20534.76953,20422.15039
2010/2/19,20261.49023,19894.01953
2010/2/22,20407.83984,20377.26953
2010/2/23,20218.50977,20623
2010/2/24,20357.41992,20467.74023
2010/2/25,20512.38086,20399.57031
2010/2/26,20657.83008,20608.69922
2010/3/1,20853.08008,21056.92969
2010/3/2,20921.43945,20906.10938
2010/3/3,21016.28906,20876.78906
2010/3/4,20983.81055,20575.7793
2010/3/5,20820.9707,20787.9707
2010/3/8,21099.71094,21196.86914
2010/3/9,21153.61914,21207.55078
2010/3/10,21293.51953,21208.28906
2010/3/11,21333.06055,21228.19922
2010/3/12,21249.80078,21209.74023
2010/3/15,21036.41992,21079.09961
2010/3/16,21135.78906,21022.92969
2010/3/17,21183.59961,21384.49023
2010/3/18,21429.68945,21330.66992
2010/3/19,21359.55078,21370.82031
2010/3/22,21120.42969,20933.25
2010/3/23,21070.65039,20987.7793
2010/3/24,21203.5,21008.61914
2010/3/25,20799.05078,20778.55078
2010/3/26,20679.65039,21053.10938
2010/3/29,21148.05078,21237.42969
2010/3/30,21230.5293,21374.78906
2010/3/31,21366.61914,21239.34961
2010/4/1,21390.89063,21537
2010/4/7,21828.34961,21928.76953
2010/4/8,21836.41992,21867.03906
2010/4/9,22014.73047,22208.5
2010/4/12,22388.76953,22138.16992
2010/4/13,22216.10938,22103.5293
2010/4/14,22183.05078,22121.42969
2010/4/15,22265.35938,22157.82031
2010/4/16,22059.30078,21865.25977
2010/4/19,21557.7793,21405.16992
2010/4/20,21519.25977,21623.38086
2010/4/21,21732.75977,21510.92969
2010/4/22,21283.92969,21454.93945
2010/4/23,21385.16016,21244.49023
2010/4/26,21501.21094,21587.06055
2010/4/27,21341.48047,21261.78906
2010/4/28,20853.83008,20949.40039
2010/4/29,20994.36914,20778.91992
2010/4/30,20934.07031,21108.58984
2010/5/3,20799.78906,20811.35938
2010/5/4,20935.90039,20763.05078
2010/5/5,20390.11914,20327.53906
2010/5/6,20177.4707,20133.41016
2010/5/7,19699.5,19920.28906
2010/5/10,20118.94922,20426.64063
2010/5/11,20346.53906,20146.50977
2010/5/12,20175.74023,20212.49023
2010/5/13,20411.55078,20422.46094
2010/5/14,20258.44922,20145.42969
2010/5/17,19832.0293,19715.19922
2010/5/18,19768.80078,19944.93945
2010/5/19,19552.16016,19578.98047
2010/5/20,19694.4707,19545.83008
2010/5/24,19470.2793,19667.75977
2010/5/25,19317.24023,18985.5
2010/5/26,19177.33984,19196.44922
2010/5/27,19015.89063,19431.36914
2010/5/28,19816.39063,19766.71094
2010/5/31,19705.5293,19765.18945
2010/6/1,19600.57031,19496.94922
2010/6/2,19651.55078,19471.80078
2010/6/3,19822.89063,19786.71094
2010/6/4,19765.25,19780.07031
2010/6/7,19211.66992,19378.15039
2010/6/8,19459.74023,19487.48047
2010/6/9,19488.19922,19621.24023
2010/6/10,19517.60938,19632.69922
2010/6/11,19995.64063,19872.38086
2010/6/14,20102.55078,20051.91016
2010/6/15,19998.5293,20062.15039
2010/6/17,20201.81055,20138.40039
2010/6/18,20199.2207,20286.71094
2010/6/21,20571.40039,20912.17969
2010/6/22,20861.4707,20819.08008
2010/6/23,20718.66016,20856.60938
2010/6/24,20797.43945,20733.49023
2010/6/25,20615.91992,20690.78906
2010/6/28,20718.08008,20726.67969
2010/6/29,20727.44922,20248.90039
2010/6/30,19985.7207,20128.99023
2010/7/2,20059.56055,19905.32031
2010/7/5,19809.06055,19842.19922
2010/7/6,19777.83008,20084.11914
2010/7/7,19948.15039,19857.07031
2010/7/8,20231.15039,20050.56055
2010/7/9,20142.7793,20378.66016
2010/7/12,20476.01953,20467.42969
2010/7/13,20485.10938,20431.06055
2010/7/14,20722.2207,20560.81055
2010/7/15,20530.28906,20255.61914
2010/7/16,20293.60938,20250.16016
2010/7/19,20007.88086,20090.94922
2010/7/20,20075.7207,20264.58984
2010/7/21,20377.59961,20487.23047
2010/7/22,20487.49023,20589.69922
2010/7/23,20847.84961,20815.33008
2010/7/26,20944.63086,20839.91016
2010/7/27,20965.53906,20973.39063
2010/7/28,20961.55078,21091.17969
2010/7/29,21091.16992,21093.82031
2010/7/30,21008.46094,21029.81055
2010/8/2,21221.42969,21412.78906
2010/8/3,21610.17969,21457.66016
2010/8/4,21567.33008,21549.88086
2010/8/5,21577.13086,21551.7207
2010/8/6,21575.94922,21678.80078
2010/8/9,21640.5293,21801.58984
2010/8/10,21764.23047,21473.59961
2010/8/11,21542.26953,21294.53906
2010/8/12,21039.41992,21105.71094
2010/8/13,21095.16992,21071.57031
2010/8/16,20881.94922,21112.11914
2010/8/17,21081.31055,21137.42969
2010/8/18,21167.88086,21022.73047
2010/8/19,21094.69922,21072.46094
2010/8/20,20929.7207,20981.82031
2010/8/23,20963.25,20889.00977
2010/8/24,20759.34961,20658.71094
2010/8/25,20603.57031,20634.98047
2010/8/26,20603.17969,20612.06055
2010/8/27,20563.08984,20597.34961
2010/8/30,20797.00977,20737.2207
2010/8/31,20539.2207,20536.49023
2010/9/1,20570.51953,20623.83008
2010/9/2,20864.40039,20868.91992
2010/9/3,20918.81055,20971.5
2010/9/6,21155.91016,21355.76953
2010/9/7,21419.91016,21401.78906
2010/9/8,21213.19922,21088.85938
2010/9/9,21169.82031,21167.26953
2010/9/10,21310.7207,21257.39063
2010/9/13,21396.90039,21658.34961
2010/9/14,21760.73047,21696.03906
2010/9/15,21819.94922,21725.64063
2010/9/16,21694.21094,21691.44922
2010/9/17,21744.5293,21970.85938
2010/9/20,21918.44922,21977.33984
2010/9/21,22118.58008,22002.58984
2010/9/22,22077.38086,22047.71094
2010/9/24,21972.88086,22119.42969
2010/9/27,22351.33008,22340.83984
2010/9/28,22329.82031,22109.94922
2010/9/29,22314.56055,22378.66992
2010/9/30,22287.08008,22358.16992
2010/10/4,22542.35938,22618.66016
2010/10/5,22532.03906,22639.14063
2010/10/6,23006.19922,22880.41016
2010/10/7,22996.73047,22884.32031
2010/10/8,22861.15039,22944.17969
2010/10/11,23169.13086,23207.31055
2010/10/12,23161.21094,23121.69922
2010/10/13,23329.32031,23457.68945
2010/10/14,23685.25977,23852.16992
2010/10/15,23733.78906,23757.63086
2010/10/18,23693.11914,23469.38086
2010/10/19,23551.31055,23763.73047
2010/10/20,23423.82031,23556.5
2010/10/21,23736.78906,23649.48047
2010/10/22,23647.32031,23517.53906
2010/10/25,23551.14063,23627.91016
2010/10/26,23727.63086,23601.24023
2010/10/27,23543.73047,23164.58008
2010/10/28,23290.53906,23210.85938
2010/10/29,23177.68945,23096.32031
2010/11/1,23366.82031,23652.93945
2010/11/2,23608.17969,23671.41992
2010/11/3,23802.06055,24144.66992
2010/11/4,24377.07031,24535.63086
2010/11/5,24905.42969,24876.82031
2010/11/8,24838.2207,24964.36914
2010/11/9,24858.33984,24710.59961
2010/11/10,24672.5,24500.60938
2010/11/11,24598.81055,24700.30078
2010/11/12,24404.91016,24222.58008
2010/11/15,24371.76953,24027.17969
2010/11/16,24009.83984,23693.01953
2010/11/17,23432.23047,23214.46094
2010/11/18,23437.80078,23637.39063
2010/11/19,23625.31055,23605.71094
2010/11/22,23499.63086,23524.01953
2010/11/23,23290.2793,22896.14063
2010/11/24,23107.43945,23023.85938
2010/11/25,23110.01953,23054.67969
2010/11/26,23033,22877.25
2010/11/29,22832.05078,23166.2207
2010/11/30,23122.40039,23007.99023
2010/12/1,22973.80078,23249.80078
2010/12/2,23554.75,23448.7793
2010/12/3,23555.75977,23320.51953
2010/12/6,23507.19922,23237.68945
2010/12/7,23177.40039,23428.15039
2010/12/8,23362.66016,23092.51953
2010/12/9,23167.86914,23171.80078
2010/12/10,23091.51953,23162.91016
2010/12/13,23362.32031,23317.60938
2010/12/14,23451.40039,23431.18945
2010/12/15,23371.33984,22975.34961
2010/12/16,22949.7793,22668.7793
2010/12/17,22660.88086,22714.84961
2010/12/20,22708.42969,22639.08008
2010/12/21,22711.46094,22993.85938
2010/12/22,23039.84961,23045.18945
2010/12/23,23139.58008,22902.9707
2010/12/24,22932.5,22833.80078
2010/12/28,22553.15039,22621.73047
2010/12/29,22725.38086,22969.30078
2010/12/30,22987.83984,22999.33984
2010/12/31,23079.83984,23035.44922
2011/1/3,23135.64063,23436.05078
2011/1/4,23477.31055,23668.48047
2011/1/5,23650.17969,23757.82031
2011/1/6,23861.2207,23786.30078
2011/1/7,23744.0293,23686.63086
2011/1/10,23715.4707,23527.25977
2011/1/11,23606.75977,23760.33984
2011/1/12,23857.16992,24125.60938
2011/1/13,24347.33984,24238.98047
2011/1/14,24273.61914,24283.23047
2011/1/17,24364.07031,24156.9707
2011/1/18,24189.83008,24153.98047
2011/1/19,24321.25,24419.61914
2011/1/20,24248.32031,24003.69922
2011/1/21,23913.18945,23876.85938
2011/1/24,23970.30078,23801.7793
2011/1/25,23891.67969,23788.83008
2011/1/26,23802.88086,23843.24023
2011/1/27,23771.11914,23779.61914
2011/1/28,23763.74023,23617.01953
2011/1/31,23314.68945,23447.33984
2011/2/1,23451.61914,23482.94922
2011/2/2,23700.16016,23908.96094
2011/2/7,23981.74023,23553.58984
2011/2/8,23613.49023,23484.30078
2011/2/9,23535.41016,23164.0293
2011/2/10,23035.64063,22708.61914
2011/2/11,22752.55078,22828.91992
2011/2/14,22920.28906,23121.06055
2011/2/15,23037.0293,22899.7793
2011/2/16,23015.39063,23156.9707
2011/2/17,23173.48047,23301.83984
2011/2/18,23342.66992,23595.24023
2011/2/21,23500.10938,23485.41992
2011/2/22,23170.51953,22990.81055
2011/2/23,22983.36914,22906.90039
2011/2/24,22856.7793,22601.03906
2011/2/25,22727.03906,23012.36914
2011/2/28,22900.15039,23338.01953
2011/3/1,23317.96094,23396.41992
2011/3/2,23114.42969,23048.66016
2011/3/3,23102.83008,23122.41992
2011/3/4,23406.76953,23408.85938
2011/3/7,23257.14063,23313.18945
2011/3/8,23401.49023,23711.69922
2011/3/9,23863.92969,23810.10938
2011/3/10,23818.64063,23614.89063
2011/3/11,23437.5,23249.7793
2011/3/14,23207.15039,23345.88086
2011/3/15,23110.71094,22678.25
2011/3/16,22814.5,22700.88086
2011/3/17,22237.24023,22284.42969
2011/3/18,22387.98047,22300.23047
2011/3/21,22401.06055,22685.2207
2011/3/22,22732.94922,22857.90039
2011/3/23,22797.93945,22825.40039
2011/3/24,23005.49023,22915.2793
2011/3/25,23135.38086,23158.66992
2011/3/28,23114.07031,23068.18945
2011/3/29,22997.34961,23060.35938
2011/3/30,23192.78906,23451.42969
2011/3/31,23618.06055,23527.51953
2011/4/1,23664.48047,23801.90039
2011/4/4,23917.00977,24150.58008
2011/4/6,24182.83008,24285.05078
2011/4/7,24317.82031,24281.80078
2011/4/8,24306.43945,24396.07031
2011/4/11,24394.99023,24303.07031
2011/4/12,24142.55078,23976.36914
2011/4/13,23981.05078,24135.0293
2011/4/14,23951.88086,24014
2011/4/15,24086.55078,24008.07031
2011/4/18,23977.86914,23830.31055
2011/4/19,23654.85938,23520.61914
2011/4/20,23709.28906,23896.09961
2011/4/21,24090.55078,24138.31055
2011/4/26,23964.61914,24007.38086
2011/4/27,24193.2793,23892.83984
2011/4/28,24103.0293,23805.63086
2011/4/29,23729.76953,23720.81055
2011/5/3,23794.85938,23633.25
2011/5/4,23582.59961,23315.24023
2011/5/5,23228.00977,23261.60938
2011/5/6,23035.93945,23159.14063
2011/5/9,23249.98047,23336
2011/5/11,23509.00977,23291.80078
2011/5/12,23112.13086,23073.75977
2011/5/13,23120,23276.26953
2011/5/16,23054.06055,22960.63086
2011/5/17,22896.19922,22901.08008
2011/5/18,22968.61914,23011.14063
2011/5/19,23125.2793,23163.38086
2011/5/20,23215.61914,23199.39063
2011/5/23,22942.96094,22711.01953
2011/5/24,22693.09961,22730.7793
2011/5/25,22558.33008,22747.2793
2011/5/26,22848.06055,22900.78906
2011/5/27,22939.94922,23118.07031
2011/5/30,23117.80078,23184.32031
2011/5/31,23380.28906,23684.13086
2011/6/1,23686.76953,23626.42969
2011/6/2,23280.05078,23253.83984
2011/6/3,23338.75977,22949.56055
2011/6/7,22762.21094,22868.66992
2011/6/8,22757.61914,22661.63086
2011/6/9,22628.13086,22609.83008
2011/6/10,22641.61914,22420.36914
2011/6/13,22172.60938,22508.08008
2011/6/14,22298.4707,22496
2011/6/15,22532.83984,22343.76953
2011/6/16,22048.2793,21953.10938
2011/6/17,21969.67969,21695.25977
2011/6/20,21770.78906,21599.50977
2011/6/21,21783.85938,21850.58984
2011/6/22,22044.16016,21859.9707
2011/6/23,21777.10938,21759.14063
2011/6/24,21843.75977,22171.94922
2011/6/27,21888.03906,22041.76953
2011/6/28,22168.92969,22061.7793
2011/6/29,22229.83984,22061.17969
2011/6/30,22233.69922,22398.09961
2011/7/4,22813.25,22770.4707
2011/7/5,22821.75,22747.94922
2011/7/6,22645.34961,22517.55078
2011/7/7,22587.5,22530.17969
2011/7/8,22706.24023,22726.42969
2011/7/11,22598.61914,22347.23047
2011/7/12,22092.57031,21663.16016
2011/7/13,21794.36914,21926.88086
2011/7/14,21936.86914,21940.19922
2011/7/15,21872.56055,21875.38086
2011/7/18,21727.92969,21804.75
2011/7/19,21805,21902.40039
2011/7/20,22072.89063,22003.68945
2011/7/21,22058.63086,21987.28906
2011/7/22,22231.59961,22444.80078
2011/7/25,22287.36914,22293.28906
2011/7/26,22285.03906,22572.08008
2011/7/27,22489.69922,22541.68945
2011/7/28,22246.69922,22570.74023
2011/7/29,22544.50977,22440.25
2011/8/1,22739.55078,22663.36914
2011/8/2,22532.76953,22421.46094
2011/8/3,22015.66992,21992.7207
2011/8/4,22019.91992,21884.74023
2011/8/5,20939.40039,20946.14063
2011/8/8,20409.00977,20490.57031
2011/8/9,19209.69922,19330.69922
2011/8/10,19993.7793,19783.66992
2011/8/11,19319.42969,19595.14063
2011/8/12,19955.82031,19620.00977
2011/8/15,20056.7793,20260.09961
2011/8/16,20344.75,20212.08008
2011/8/17,20318.36914,20289.0293
2011/8/18,20261.21094,20016.26953
2011/8/19,19478.82031,19399.91992
2011/8/22,19465.30078,19486.86914
2011/8/23,19476.4707,19875.5293
2011/8/24,19863.10938,19466.78906
2011/8/25,19744.51953,19752.48047
2011/8/26,19733.71094,19582.88086
2011/8/29,19883.06055,19865.10938
2011/8/30,20203.55078,20204.16992
2011/8/31,20256.33984,20534.84961
2011/9/1,20790.2207,20585.33008
2011/9/2,20557.91992,20212.91016
2011/9/5,19830.5,19616.40039
2011/9/6,19374.91992,19710.5
2011/9/7,19836.25,20048
2011/9/8,20159.28906,19912.82031
2011/9/9,19997.89063,19866.63086
2011/9/12,19264.67969,19030.53906
2011/9/14,19216.28906,19045.43945
2011/9/15,19186.75977,19181.5
2011/9/16,19545.5,19455.31055
2011/9/19,19247.58984,18917.94922
2011/9/20,19008.60938,19014.80078
2011/9/21,18891.5,18824.16992
2011/9/22,18296.80078,17911.94922
2011/9/23,17585.78906,17668.83008
2011/9/26,17634.41992,17407.80078
2011/9/27,17818.9707,18130.55078
2011/9/28,17962.49023,18011.06055
2011/9/30,17946.24023,17592.41016
2011/10/3,17179.19922,16822.15039
2011/10/4,16731.58008,16250.26953
2011/10/6,16975,17172.2793
2011/10/7,17540.7207,17707.00977
2011/10/10,17853.25977,17711.06055
2011/10/11,18441.86914,18141.58984
2011/10/12,17990.56055,18329.46094
2011/10/13,18601.65039,18757.81055
2011/10/14,18639.42969,18501.78906
2011/10/17,18808.66016,18873.99023
2011/10/18,18411.40039,18076.46094
2011/10/19,18400.33008,18309.2207
2011/10/20,18198.11914,17983.09961
2011/10/21,18034.19922,18025.7207
2011/10/24,18444.16016,18771.82031
2011/10/25,18867.50977,18968.19922
2011/10/26,18727.96094,19066.53906
2011/10/27,19067.58984,19688.69922
2011/10/28,20152.2207,20019.24023
2011/10/31,20027.7207,19864.86914
2011/11/1,19461.08008,19369.96094
2011/11/2,19091.84961,19733.71094
2011/11/3,19418.82031,19242.5
2011/11/4,19922.76953,19842.78906
2011/11/7,19894.2207,19677.89063
2011/11/8,19848.5,19678.4707
2011/11/9,20067.38086,20014.42969
2011/11/10,19091.40039,18963.89063
2011/11/11,19143.58008,19137.16992
2011/11/14,19600.36914,19508.17969
2011/11/15,19305.2793,19348.43945
2011/11/16,19483.09961,18960.90039
2011/11/17,18686.16992,18817.4707
2011/11/18,18561.03906,18491.23047
2011/11/21,18213.7207,18225.84961
2011/11/22,18225.48047,18251.58984
2011/11/23,17954.58008,17864.42969
2011/11/24,17657.68945,17935.09961
2011/11/25,17658.7793,17689.48047
2011/11/28,18019.21094,18037.81055
2011/11/29,18225.09961,18256.19922
2011/11/30,18192.28906,17989.34961
2011/12/1,19033.96094,19002.25977
2011/12/2,18977.19922,19040.39063
2011/12/5,19117.89063,19179.68945
2011/12/6,19011.81055,18942.23047
2011/12/7,19114.01953,19240.58008
2011/12/8,19112.33008,19107.81055
2011/12/9,18721.16016,18586.23047
2011/12/12,18853.32031,18575.66016
2011/12/13,18327.44922,18447.16992
2011/12/14,18301.05078,18354.42969
2011/12/15,18122.73047,18026.83984
2011/12/16,18025.59961,18285.39063
2011/12/19,18053.64063,18070.21094
2011/12/20,18044.75,18080.19922
2011/12/21,18462.64063,18416.44922
2011/12/22,18356.86914,18378.23047
2011/12/23,18589.67969,18629.16992
2011/12/24,null,null
2011/12/28,18621.5,18518.66992
2011/12/29,18329.60938,18397.91992
2011/12/30,18489.03906,18434.39063
2011/12/31,null,null
2012/1/3,18770.64063,18877.41016
2012/1/4,18970.59961,18727.31055
2012/1/5,18753.38086,18813.41016
2012/1/6,18784.85938,18593.06055
2012/1/9,18588.35938,18865.7207
2012/1/10,18948.11914,19004.2793
2012/1/11,19071.90039,19151.93945
2012/1/12,19112.75977,19095.38086
2012/1/13,19232.21094,19204.41992
2012/1/16,19070.74023,19012.19922
2012/1/17,19185.84961,19627.75
2012/1/18,19651.58984,19686.91992
2012/1/19,19842.46094,19942.94922
2012/1/20,20161.7207,20110.36914
2012/1/26,20453.4707,20439.14063
2012/1/27,20443.46094,20501.66992
2012/1/30,20518,20160.41016
2012/1/31,20326.49023,20390.49023
2012/2/1,20394.66992,20333.36914
2012/2/2,20638.96094,20739.44922
2012/2/3,20680.71094,20756.98047
2012/2/6,21015.55078,20709.93945
2012/2/7,20808.05078,20699.18945
2012/2/8,20827.89063,21018.46094
2012/2/9,20922.28906,21010.00977
2012/2/10,20986.25,20783.85938
2012/2/13,20718.80078,20887.40039
2012/2/14,20845.24023,20917.83008
2012/2/15,20993.58008,21365.23047
2012/2/16,21266.50977,21277.2793
2012/2/17,21503.58984,21491.61914
2012/2/20,21760.33984,21424.78906
2012/2/21,21434.31055,21478.7207
2012/2/22,21339.01953,21549.2793
2012/2/23,21356.5293,21380.99023
2012/2/24,21438.9707,21406.85938
2012/2/27,21381.66016,21217.85938
2012/2/28,21303.39063,21568.73047
2012/2/29,21643.84961,21680.08008
2012/3/1,21578.18945,21387.96094
2012/3/2,21618.15039,21562.25977
2012/3/5,21518.0293,21265.31055
2012/3/6,21173.74023,20806.25
2012/3/7,20521.96094,20627.7793
2012/3/8,20722.94922,20900.73047
2012/3/9,20930.92969,21086
2012/3/12,21073.58984,21134.17969
2012/3/13,21279.41016,21339.69922
2012/3/14,21564.21094,21307.89063
2012/3/15,21323.06055,21353.5293
2012/3/16,21350.25,21317.84961
2012/3/20,21183.03906,20888.24023
2012/3/21,20948.13086,20856.63086
2012/3/22,20886.11914,20901.56055
2012/3/23,20740.56055,20668.80078
2012/3/26,20672.36914,20668.85938
2012/3/27,20921.80078,21046.91016
2012/3/28,20959.98047,20885.41992
2012/3/29,20720.33984,20609.39063
2012/3/30,20380.06055,20555.58008
2012/4/2,20662.9707,20522.25977
2012/4/3,20704.15039,20790.98047
2012/4/5,20479.26953,20593
2012/4/10,20387.42969,20356.24023
2012/4/11,20092.96094,20140.66992
2012/4/12,20179.7207,20327.32031
2012/4/13,20640.5,20701.03906
2012/4/16,20516.08984,20610.64063
2012/4/17,20678.03906,20562.31055
2012/4/18,20800.21094,20780.73047
2012/4/19,20767.46094,20995.00977
2012/4/20,20933.26953,21010.64063
2012/4/23,20970.96094,20624.39063
2012/4/24,20606.16992,20677.16016
2012/4/25,20751.53906,20646.28906
2012/4/26,20753.17969,20809.71094
2012/4/27,20916.08008,20741.44922
2012/4/30,20889.76953,21094.21094
2012/5/2,21245.48047,21309.08008
2012/5/3,21209.43945,21249.5293
2012/5/4,21107.18945,21086
2012/5/7,20658.41016,20536.65039
2012/5/8,20647.38086,20484.75
2012/5/9,20361.55078,20330.64063
2012/5/10,20313.9707,20227.2793
2012/5/11,20083.26953,19964.63086
2012/5/14,20037.51953,19735.03906
2012/5/15,19702.53906,19894.31055
2012/5/16,19655.33984,19259.83008
2012/5/17,19369.42969,19200.92969
2012/5/18,18787,18951.84961
2012/5/21,18902,18922.32031
2012/5/22,19061.41992,19039.15039
2012/5/23,18842.32031,18786.18945
2012/5/24,18755.08984,18666.40039
2012/5/25,18734.38086,18713.41016
2012/5/28,18672.32031,18800.99023
2012/5/29,18735.5,19055.46094
2012/5/30,18897.11914,18690.2207
2012/5/31,18470.76953,18629.51953
2012/6/1,18498.91016,18558.33984
2012/6/4,18249.60938,18185.58984
2012/6/5,18373.2207,18259.0293
2012/6/6,18349.67969,18520.5293
2012/6/7,18825.5,18678.28906
2012/6/8,18797.93945,18502.33984
2012/6/11,18978.88086,18953.63086
2012/6/12,18719.89063,18872.56055
2012/6/13,18948.44922,19026.51953
2012/6/14,18901.71094,18808.40039
2012/6/15,18924.08984,19233.93945
2012/6/18,19578.13086,19427.81055
2012/6/19,19451.19922,19416.66992
2012/6/20,19551.89063,19518.84961
2012/6/21,19480.71094,19265.07031
2012/6/22,18992.90039,18995.13086
2012/6/25,19019.0293,18897.44922
2012/6/26,18850.4707,18981.83984
2012/6/27,18990.16992,19176.94922
2012/6/28,19305.74023,19025.26953
2012/6/29,18996.57031,19441.46094
2012/7/3,19765.41016,19735.5293
2012/7/4,19833.83984,19709.75
2012/7/5,19757.41992,19809.13086
2012/7/6,19752.83008,19800.64063
2012/7/9,19634.83984,19428.08984
2012/7/10,19504.41992,19396.35938
2012/7/11,19264.58008,19419.86914
2012/7/12,19356.78906,19025.10938
2012/7/13,19069.35938,19092.63086
2012/7/16,19265.33984,19121.33984
2012/7/17,19156.96094,19455.33008
2012/7/18,19452.24023,19239.88086
2012/7/19,19393.44922,19559.05078
2012/7/20,19613.7793,19640.80078
2012/7/23,19259.35938,19053.4707
2012/7/24,19078.14063,18903.19922
2012/7/25,18762.19922,18877.33008
2012/7/26,18870.33008,18892.78906
2012/7/27,19165.0293,19274.96094
2012/7/30,19505.0293,19585.40039
2012/7/31,19661.41016,19796.81055
2012/8/1,19646.96094,19820.38086
2012/8/2,19784.15039,19690.19922
2012/8/3,19553.78906,19666.17969
2012/8/6,20052.5,19998.7207
2012/8/7,20033.86914,20072.55078
2012/8/8,20188.88086,20065.51953
2012/8/9,20149.19922,20269.4707
2012/8/10,20204.71094,20136.11914
2012/8/13,20188.48047,20081.35938
2012/8/14,20251.41992,20291.67969
2012/8/15,20125.28906,20052.28906
2012/8/16,20151.68945,19962.94922
2012/8/17,20057.31055,20116.07031
2012/8/20,20080.32031,20104.26953
2012/8/21,20111.9707,20100.08984
2012/8/22,19996.73047,19887.7793
2012/8/23,19935.13086,20132.24023
2012/8/24,19930.44922,19880.0293
2012/8/27,19939.53906,19798.66992
2012/8/28,19723.30078,19811.80078
2012/8/29,19857.60938,19788.50977
2012/8/30,19657.19922,19552.91016
2012/8/31,19516.94922,19482.57031
2012/9/3,19414.61914,19559.21094
2012/9/4,19540.92969,19429.91016
2012/9/5,19330.16016,19145.07031
2012/9/6,19101.92969,19209.30078
2012/9/7,19537.92969,19802.16016
2012/9/10,19876.41016,19827.16992
2012/9/11,19757.36914,19857.88086
2012/9/12,19996.14063,20075.39063
2012/9/13,20061.9707,20047.63086
2012/9/14,20479.38086,20629.7793
2012/9/17,20758.49023,20658.10938
2012/9/18,20622.11914,20601.92969
2012/9/19,20609.51953,20841.91016
2012/9/20,20816.76953,20590.91992
2012/9/21,20697.26953,20734.93945
2012/9/24,20611.09961,20694.69922
2012/9/25,20694.33008,20698.67969
2012/9/26,20485.99023,20527.73047
2012/9/27,20487.35938,20762.28906
2012/9/28,20757.9707,20840.38086
2012/10/3,20951.38086,20888.2793
2012/10/4,20914.32031,20907.94922
2012/10/5,21007.59961,21012.38086
2012/10/8,20979.5293,20824.56055
2012/10/9,20926.83008,20937.2793
2012/10/10,20785.06055,20919.59961
2012/10/11,20813.05078,20999.05078
2012/10/12,21051.08984,21136.42969
2012/10/15,21137.60938,21148.25
2012/10/16,21257.08984,21207.07031
2012/10/17,21421.86914,21416.64063
2012/10/18,21490.85938,21518.71094
2012/10/19,21565.75,21551.75977
2012/10/22,21440.00977,21697.55078
2012/10/24,21561.58984,21763.7793
2012/10/25,21792.66992,21810.23047
2012/10/26,21847.69922,21545.57031
2012/10/29,21478.11914,21511.05078
2012/10/30,21549.16992,21428.58008
2012/10/31,21539.49023,21641.82031
2012/11/1,21573.92969,21821.86914
2012/11/2,22066.28906,22111.33008
2012/11/5,22044.21094,22006.40039
2012/11/6,21959.99023,21944.42969
2012/11/7,22020.40039,22099.84961
2012/11/8,21785.83008,21566.91016
2012/11/9,21433.59961,21384.38086
2012/11/12,21367.57031,21430.30078
2012/11/13,21372.86914,21188.65039
2012/11/14,21250.9707,21441.99023
2012/11/15,21188.93945,21108.92969
2012/11/16,21203.82031,21159.00977
2012/11/19,21209.94922,21262.06055
2012/11/20,21478,21228.2793
2012/11/21,21367.55078,21524.35938
2012/11/22,21595.58984,21743.19922
2012/11/23,21729.7207,21913.98047
2012/11/26,21986.35938,21861.81055
2012/11/27,21969.71094,21844.0293
2012/11/28,21764.91016,21708.98047
2012/11/29,21821.05078,21922.89063
2012/11/30,21949.40039,22030.39063
2012/12/3,22070.43945,21767.84961
2012/12/4,21786.07031,21799.9707
2012/12/5,21819.00977,22270.91016
2012/12/6,22355.89063,22249.81055
2012/12/7,22294.73047,22191.16992
2012/12/10,22377.56055,22276.7207
2012/12/11,22295.99023,22323.93945
2012/12/12,22412.90039,22503.34961
2012/12/13,22500.99023,22445.58008
2012/12/14,22396.7207,22605.98047
2012/12/17,22590.75977,22513.60938
2012/12/18,22525.46094,22494.73047
2012/12/19,22654.65039,22623.36914
2012/12/20,22602.99023,22659.7793
2012/12/21,22565.08984,22506.28906
2012/12/24,22494.71094,22541.17969
2012/12/27,22705.46094,22619.7793
2012/12/28,22706.33008,22666.58984
2012/12/31,22584.43945,22656.91992
2013/1/2,22860.25,23311.98047
2013/1/3,23390.53906,23398.59961
2013/1/4,23370.35938,23331.08984
2013/1/7,23345.19922,23329.75
2013/1/8,23264.0293,23111.18945
2013/1/9,23154.71094,23218.4707
2013/1/10,23240.07031,23354.31055
2013/1/11,23478.81055,23264.07031
2013/1/14,23326.82031,23413.25977
2013/1/15,23388.4707,23381.50977
2013/1/16,23390.18945,23356.99023
2013/1/17,23471.66992,23339.75977
2013/1/18,23509.49023,23601.7793
2013/1/21,23565.96094,23590.91016
2013/1/22,23596.38086,23658.99023
2013/1/23,23700.44922,23635.09961
2013/1/24,23585.09961,23598.90039
2013/1/25,23653.53906,23580.42969
2013/1/28,23621.94922,23671.88086
2013/1/29,23659.10938,23655.16992
2013/1/30,23767.33008,23822.06055
2013/1/31,23799.16992,23729.5293
2013/2/1,23763.33984,23721.83984
2013/2/4,23866.80078,23685.00977
2013/2/5,23406.99023,23148.5293
2013/2/6,23292.42969,23256.92969
2013/2/7,23259.82031,23177
2013/2/8,23101.08984,23215.16016
2013/2/14,23460.31055,23413.25
2013/2/15,23315.41016,23444.56055
2013/2/18,23477.49023,23381.93945
2013/2/19,23368.2207,23143.91016
2013/2/20,23310.92969,23307.41016
2013/2/21,23026.17969,22906.66992
2013/2/22,22840.32031,22782.43945
2013/2/25,22852.89063,22820.08008
2013/2/26,22639.9707,22519.68945
2013/2/27,22656.40039,22577.00977
2013/2/28,22826.41992,23020.26953
2013/3/1,22957.08984,22880.2207
2013/3/4,22866.50977,22537.81055
2013/3/5,22621.59961,22560.5
2013/3/6,22750.58008,22777.83984
2013/3/7,22729.28906,22771.43945
2013/3/8,22839.26953,23091.94922
2013/3/11,23131.43945,23090.82031
2013/3/12,23133,22890.59961
2013/3/13,22901.11914,22556.65039
2013/3/14,22484.25,22619.17969
2013/3/15,22705.91992,22533.10938
2013/3/18,22185.32031,22083.35938
2013/3/19,22138.09961,22041.85938
2013/3/20,21990.03906,22256.43945
2013/3/21,22285.81055,22225.88086
2013/3/22,22186.24023,22115.30078
2013/3/25,22327.5293,22251.15039
2013/3/26,22208.06055,22311.08008
2013/3/27,22385.4707,22464.82031
2013/3/28,22390.34961,22299.63086
2013/4/2,22203.92969,22367.82031
2013/4/3,22527.11914,22337.49023
2013/4/5,22230.92969,21726.90039
2013/4/8,21733.7793,21718.05078
2013/4/9,21800.24023,21870.33984
2013/4/10,21963.36914,22034.56055
2013/4/11,22198.49023,22101.26953
2013/4/12,22185.35938,22089.05078
2013/4/15,21998.74023,21772.66992
2013/4/16,21571.58008,21672.0293
2013/4/17,21794.68945,21569.66992
2013/4/18,21440.33008,21512.51953
2013/4/19,21517.93945,22013.57031
2013/4/22,22038.13086,22044.36914
2013/4/23,22085.69922,21806.60938
2013/4/24,22067.03906,22183.05078
2013/4/25,22298.64063,22401.24023
2013/4/26,22559.9707,22547.71094
2013/4/29,22567.63086,22580.76953
2013/4/30,22769.58984,22737.00977
2013/5/2,22692.33008,22668.30078
2013/5/3,22811.83984,22689.96094
2013/5/6,22967.7793,22915.08984
2013/5/7,22924.28906,23047.08984
2013/5/8,23215.94922,23244.34961
2013/5/9,23353.67969,23211.48047
2013/5/10,23213.58984,23321.2207
2013/5/13,23245.58008,22989.81055
2013/5/14,23124.24023,22930.2793
2013/5/15,23074.25977,23044.24023
2013/5/16,23110.18945,23082.67969
2013/5/20,23348.74023,23493.0293
2013/5/21,23425.68945,23366.36914
2013/5/22,23341.06055,23261.08008
2013/5/23,23066.71094,22669.67969
2013/5/24,22679.35938,22618.66992
2013/5/27,22571.63086,22686.05078
2013/5/28,22710.19922,22924.25
2013/5/29,22826.84961,22554.92969
2013/5/30,22562.50977,22484.31055
2013/5/31,22582.55078,22392.16016
2013/6/3,22301.67969,22282.18945
2013/6/4,22320.5,22285.51953
2013/6/5,22141.66992,22069.24023
2013/6/6,21908.44922,21838.42969
2013/6/7,21768.24023,21575.25977
2013/6/10,21592.90039,21615.08984
2013/6/11,21542.30078,21354.66016
2013/6/13,21069.25977,20887.03906
2013/6/14,21083.41016,20969.14063
2013/6/17,21007.2793,21225.90039
2013/6/18,21102.59961,21225.88086
2013/6/19,21188.40039,20986.89063
2013/6/20,20668.80078,20382.86914
2013/6/21,19969.98047,20263.31055
2013/6/24,20023.43945,19813.98047
2013/6/25,19775.98047,19855.7207
2013/6/26,20090.75977,20338.55078
2013/6/27,20456.4707,20440.08008
2013/6/28,20596.63086,20803.28906
2013/7/2,21004.56055,20658.65039
2013/7/3,20568.56055,20147.31055
2013/7/4,20334.93945,20468.66992
2013/7/5,20740.69922,20854.66992
2013/7/8,20598.21094,20582.18945
2013/7/9,20610.56055,20683.00977
2013/7/10,20841.73047,20904.56055
2013/7/11,21177.63086,21437.49023
2013/7/12,21522.15039,21277.2793
2013/7/15,21278.61914,21303.31055
2013/7/16,21333.07031,21312.38086
2013/7/17,21368.76953,21371.86914
2013/7/18,21426.90039,21345.2207
2013/7/19,21451.59961,21362.41992
2013/7/22,21498.96094,21416.5
2013/7/23,21517.19922,21915.41992
2013/7/24,21912.90039,21968.92969
2013/7/25,21872.14063,21900.96094
2013/7/26,21892.33984,21968.94922
2013/7/29,21896.11914,21850.15039
2013/7/30,21870.14063,21953.96094
2013/7/31,21888.80078,21883.66016
2013/8/1,22025.75,22088.78906
2013/8/2,22264.76953,22190.9707
2013/8/5,22273.82031,22222.00977
2013/8/6,22000.93945,21923.69922
2013/8/7,21756.4707,21588.83984
2013/8/8,21697.86914,21655.88086
2013/8/9,21760.05078,21807.56055
2013/8/12,21796.46094,22271.2793
2013/8/13,22368.4707,22541.13086
2013/8/14,null,null
2013/8/15,22568.05078,22539.25
2013/8/16,22450.83008,22517.81055
2013/8/19,22432.86914,22463.69922
2013/8/20,22396.28906,21970.28906
2013/8/21,21964.68945,21817.73047
2013/8/22,21538.18945,21895.40039
2013/8/23,22006.41016,21863.50977
2013/8/26,21943.40039,22005.32031
2013/8/27,21907.42969,21874.76953
2013/8/28,21584.56055,21524.65039
2013/8/29,21612.94922,21704.7793
2013/8/30,21618.33984,21731.36914
2013/9/2,21948.7207,22175.33984
2013/9/3,22323,22394.58008
2013/9/4,22171.92969,22326.2207
2013/9/5,22538.96094,22597.9707
2013/9/6,22615.98047,22621.2207
2013/9/9,22770.25,22750.65039
2013/9/10,22932.59961,22976.65039
2013/9/11,23095.85938,22937.14063
2013/9/12,22952.84961,22953.7207
2013/9/13,22920.75977,22915.2793
2013/9/16,23210.35938,23252.41016
2013/9/17,23246.91016,23180.51953
2013/9/18,23213.78906,23117.44922
2013/9/19,23549.89063,23502.50977
2013/9/23,23414.98047,23371.53906
2013/9/24,23324.38086,23179.03906
2013/9/25,23192.71094,23209.63086
2013/9/26,23192.69922,23125.0293
2013/9/27,23199.08984,23207.03906
2013/9/30,22946.74023,22859.85938
2013/10/2,22997.21094,22984.48047
2013/10/3,23167.19922,23214.40039
2013/10/4,23051.55078,23138.53906
2013/10/7,23152.91992,22973.94922
2013/10/8,22988.2207,23178.84961
2013/10/9,23002.08008,23033.9707
2013/10/10,23077.4707,22951.30078
2013/10/11,23318.46094,23218.32031
2013/10/15,23399.78906,23336.51953
2013/10/16,23350.93945,23228.33008
2013/10/17,23351.48047,23094.88086
2013/10/18,23261.65039,23340.09961
2013/10/21,23494.36914,23438.15039
2013/10/22,23309.00977,23315.99023
2013/10/23,23455.40039,22999.94922
2013/10/24,22975.55078,22835.82031
2013/10/25,22758.36914,22698.33984
2013/10/28,22753.75,22806.58008
2013/10/29,22842.33008,22846.53906
2013/10/30,22966.94922,23304.01953
2013/10/31,23134.39063,23206.36914
2013/11/1,23208.80078,23249.78906
2013/11/4,23322.07031,23189.61914
2013/11/5,23313.60938,23038.94922
2013/11/6,23042.10938,23036.93945
2013/11/7,23023.73047,22881.0293
2013/11/8,22713,22744.39063
2013/11/11,22781.99023,23069.84961
2013/11/12,23051.75977,22901.41016
2013/11/13,22665.91016,22463.83008
2013/11/14,22673.32031,22649.15039
2013/11/15,22749.59961,23032.15039
2013/11/18,23397.73047,23660.06055
2013/11/19,23834.51953,23657.81055
2013/11/20,23774.31055,23700.85938
2013/11/21,23661.41992,23580.28906
2013/11/22,23752.2793,23696.2793
2013/11/25,23829.9707,23684.44922
2013/11/26,23675.36914,23681.2793
2013/11/27,23653.94922,23806.34961
2013/11/28,23934.93945,23789.08984
2013/11/29,23862.38086,23881.28906
2013/12/2,23936.15039,24038.55078
2013/12/3,23887.76953,23910.4707
2013/12/4,23719.59961,23728.69922
2013/12/5,23634.08984,23712.57031
2013/12/6,23620.31055,23743.09961
2013/12/9,23970,23811.16992
2013/12/10,23799.44922,23744.18945
2013/12/11,23686.80078,23338.24023
2013/12/12,23265.13086,23218.11914
2013/12/13,23080.18945,23245.96094
2013/12/16,23138.2793,23114.66016
2013/12/17,23281.38086,23069.23047
2013/12/18,23076.53906,23143.82031
2013/12/19,23404.44922,22888.75
2013/12/20,22904.17969,22812.17969
2013/12/23,22946.55078,22921.56055
2013/12/24,23045.64063,23179.55078
2013/12/27,23138.91016,23243.24023
2013/12/30,23353.53906,23244.86914
2013/12/31,23328.43945,23306.39063
2014/1/2,23452.75977,23340.05078
2014/1/3,23097.98047,22817.2793
2014/1/6,22732.83008,22684.15039
2014/1/7,22689.25,22712.7793
2014/1/8,22834.81055,22996.58984
2014/1/9,22925.23047,22787.33008
2014/1/10,22735.92969,22846.25
2014/1/13,23046.41016,22888.75977
2014/1/14,22637.55078,22791.2793
2014/1/15,22985.7793,22902
2014/1/16,23085.14063,22986.41016
2014/1/17,22898.48047,23133.34961
2014/1/20,23048.13086,22928.94922
2014/1/21,23040.83984,23033.11914
2014/1/22,22954.76953,23082.25
2014/1/23,23082.00977,22733.90039
2014/1/24,22522.43945,22450.06055
2014/1/27,22019.09961,21976.09961
2014/1/28,22012.50977,21960.64063
2014/1/29,22111.63086,22141.60938
2014/1/30,21827.33008,22035.41992
2014/2/4,21561.69922,21397.76953
2014/2/5,21564.88086,21269.38086
2014/2/6,21320.91016,21423.13086
2014/2/7,21498.08984,21636.84961
2014/2/10,21646.75,21579.25977
2014/2/11,21623.78906,21962.98047
2014/2/12,22057.69922,22285.78906
2014/2/13,22297.69922,22165.5293
2014/2/14,22382.7207,22298.41016
2014/2/17,22463.40039,22535.93945
2014/2/18,22535.19922,22587.7207
2014/2/19,22600.59961,22664.51953
2014/2/20,22595.91016,22394.08008
2014/2/21,22617.63086,22568.24023
2014/2/24,22576.34961,22388.56055
2014/2/25,22498.41992,22317.19922
2014/2/26,22297.61914,22437.43945
2014/2/27,22465.96094,22828.17969
2014/2/28,22942.96094,22836.96094
2014/3/3,22630.76953,22500.66992
2014/3/4,22542.16992,22657.63086
2014/3/5,22839.42969,22579.7793
2014/3/6,22588.76953,22702.9707
2014/3/7,22728.5293,22660.49023
2014/3/10,22339.41992,22264.92969
2014/3/11,22234.60938,22269.60938
2014/3/12,22019.0293,21901.94922
2014/3/13,21920.93945,21756.08008
2014/3/14,21612.07031,21539.49023
2014/3/17,21494.36914,21473.94922
2014/3/18,21549.2207,21583.5
2014/3/19,21585.11914,21568.68945
2014/3/20,21352.49023,21182.16016
2014/3/21,21239.08984,21436.69922
2014/3/24,21657.55078,21846.44922
2014/3/25,21773.64063,21732.32031
2014/3/26,21889.75977,21887.75
2014/3/27,21897.07031,21834.44922
2014/3/28,21930.40039,22065.5293
2014/3/31,22244.16016,22151.06055
2014/4/1,22292.32031,22448.53906
2014/4/2,22598.40039,22523.93945
2014/4/3,22666.06055,22565.08008
2014/4/4,22476.25,22510.08008
2014/4/7,22416.4707,22377.15039
2014/4/8,22390.14063,22596.9707
2014/4/9,22725.42969,22843.16992
2014/4/10,22949.78906,23186.96094
2014/4/11,23150.80078,23003.64063
2014/4/14,22911.82031,23038.80078
2014/4/15,23054.34961,22671.25977
2014/4/16,22686.21094,22696.00977
2014/4/17,22858.78906,22760.24023
2014/4/22,22718.68945,22730.67969
2014/4/23,22855.25977,22509.64063
2014/4/24,22527.38086,22562.80078
2014/4/25,22524.56055,22223.5293
2014/4/28,22122.38086,22132.5293
2014/4/29,22172.08008,22453.89063
2014/4/30,22466.03906,22133.9707
2014/5/2,22194.66016,22260.66992
2014/5/5,22195.80078,21976.33008
2014/5/7,21904.51953,21746.25977
2014/5/8,21804.65039,21837.11914
2014/5/9,21819.93945,21862.99023
2014/5/12,21921.58984,22261.60938
2014/5/13,22436.24023,22352.38086
2014/5/14,22484.49023,22582.76953
2014/5/15,22726.58984,22730.85938
2014/5/16,22645.51953,22712.91016
2014/5/19,22751.24023,22704.5
2014/5/20,22758.01953,22834.67969
2014/5/21,22715.58008,22836.51953
2014/5/22,22942.26953,22953.75977
2014/5/23,23010.44922,22965.85938
2014/5/26,23055.4707,22963.17969
2014/5/27,22953.11914,22944.30078
2014/5/28,23023.82031,23080.0293
2014/5/29,23103.31055,23010.14063
2014/5/30,23074.78906,23081.65039
2014/6/3,23327.50977,23291.03906
2014/6/4,23284.16992,23151.71094
2014/6/5,23142.66016,23109.66016
2014/6/6,23231.32031,22951
2014/6/9,23086.93945,23117.4707
2014/6/10,23206.19922,23315.74023
2014/6/11,23281.14063,23257.28906
2014/6/12,23127.82031,23175.01953
2014/6/13,23099.86914,23319.16992
2014/6/16,23299.03906,23300.66992
2014/6/17,23237.63086,23203.58984
2014/6/18,23128.2207,23181.7207
2014/6/19,23264.91992,23167.73047
2014/6/20,23199.17969,23194.06055
2014/6/23,23165.25977,22804.81055
2014/6/24,22915.91992,22880.64063
2014/6/25,22935.06055,22866.69922
2014/6/26,22947.83984,23197.83008
2014/6/27,23188.48047,23221.51953
2014/6/30,23273.18945,23190.7207
2014/7/2,23326.5293,23549.61914
2014/7/3,23553.59961,23531.43945
2014/7/4,23609.32031,23546.35938
2014/7/7,23581.40039,23540.91992
2014/7/8,23555.31055,23541.38086
2014/7/9,23408.05078,23176.07031
2014/7/10,23281.44922,23238.99023
2014/7/11,23155.68945,23233.44922
2014/7/14,23310.16016,23346.66992
2014/7/15,23482.83984,23459.96094
2014/7/16,23490.42969,23523.2793
2014/7/17,23583.34961,23520.86914
2014/7/18,23316.46094,23454.78906
2014/7/21,23484.5293,23387.14063
2014/7/22,23465.81055,23782.10938
2014/7/23,23841.2207,23971.86914
2014/7/24,24080.60938,24141.5
2014/7/25,24247.19922,24216.00977
2014/7/28,24249.26953,24428.63086
2014/7/29,24526.63086,24640.5293
2014/7/30,24704.58008,24732.21094
2014/7/31,24805.75,24756.84961
2014/8/1,24594.23047,24532.42969
2014/8/4,24590.10938,24600.08008
2014/8/5,24679.10938,24648.25977
2014/8/6,24558.82031,24584.13086
2014/8/7,24498.83008,24387.56055
2014/8/8,24307.09961,24331.41016
2014/8/11,24533.33984,24646.01953
2014/8/12,24668.57031,24689.41016
2014/8/13,24726.24023,24890.33984
2014/8/14,24894.17969,24801.35938
2014/8/15,24969.7207,24954.93945
2014/8/18,24943.59961,24955.46094
2014/8/19,25045.55078,25122.94922
2014/8/20,25156.94922,25159.75977
2014/8/21,25142.33984,24994.09961
2014/8/22,25113.73047,25112.23047
2014/8/25,25049.96094,25166.91016
2014/8/26,25147.75,25074.5
2014/8/27,25134.49023,24918.75
2014/8/28,25055.81055,24741
2014/8/29,24748.18945,24742.06055
2014/9/1,24703.74023,24752.08984
2014/9/2,24699.75977,24749.01953
2014/9/3,24786.03906,25317.94922
2014/9/4,25268.43945,25297.91992
2014/9/5,25356.56055,25240.15039
2014/9/8,25293.08984,25190.44922
2014/9/10,24969.39063,24705.35938
2014/9/11,24701.73047,24662.64063
2014/9/12,24620.18945,24595.32031
2014/9/15,24410.38086,24356.99023
2014/9/16,24318.82031,24136.00977
2014/9/17,24380.2793,24376.41016
2014/9/18,24294.64063,24168.7207
2014/9/19,24334.65039,24306.16016
2014/9/22,24072.17969,23955.49023
2014/9/23,23882.58984,23837.07031
2014/9/24,23788.98047,23921.60938
2014/9/25,24048.38086,23768.13086
2014/9/26,23581.56055,23678.41016
2014/9/29,23399.50977,23229.21094
2014/9/30,23137.25977,22932.98047
2014/10/3,22691.58984,23064.56055
2014/10/6,23053.78906,23315.03906
2014/10/7,23224.2207,23422.51953
2014/10/8,23221.75977,23263.33008
2014/10/9,23461.34961,23534.5293
2014/10/10,23198.80078,23088.53906
2014/10/13,22884,23143.38086
2014/10/14,23064.91992,23047.9707
2014/10/15,23087.5,23140.05078
2014/10/16,22913.5,22900.93945
2014/10/17,22904.10938,23023.21094
2014/10/20,23239.7793,23070.25977
2014/10/21,23073.35938,23088.58008
2014/10/22,23300.44922,23403.9707
2014/10/23,23296,23333.17969
2014/10/24,23311.88086,23302.19922
2014/10/27,23275.40039,23143.23047
2014/10/28,23189.83008,23520.35938
2014/10/29,23703.94922,23819.86914
2014/10/30,23841.74023,23702.03906
2014/10/31,23913.68945,23998.06055
2014/11/3,24133.44922,23915.9707
2014/11/4,23849.7207,23845.66016
2014/11/5,23846.83984,23695.61914
2014/11/6,23737.75977,23649.31055
2014/11/7,23607.65039,23550.24023
2014/11/10,24074.84961,23744.69922
2014/11/11,23809.41016,23808.2793
2014/11/12,23883.31055,23938.17969
2014/11/13,23854.33008,24019.93945
2014/11/14,24048.35938,24087.38086
2014/11/17,24313.06055,23797.08008
2014/11/18,23868.90039,23529.16992
2014/11/19,23466.07031,23373.31055
2014/11/20,23401,23349.64063
2014/11/21,23353.7207,23437.11914
2014/11/24,23883.32031,23893.14063
2014/11/25,23841.16016,23843.91016
2014/11/26,23833.18945,24111.98047
2014/11/27,24169.84961,24004.2793
2014/11/28,23982.28906,23987.44922
2014/12/1,23678,23367.44922
2014/12/2,23400.10938,23654.30078
2014/12/3,23756.05078,23428.61914
2014/12/4,23554.81055,23832.56055
2014/12/5,23907.7793,24002.64063
2014/12/8,24113.14063,24047.66992
2014/12/9,23910.41016,23485.83008
2014/12/10,23442.68945,23524.51953
2014/12/11,23269.50977,23312.53906
2014/12/12,23328.99023,23249.19922
2014/12/15,22977.83984,23027.84961
2014/12/16,22877.30078,22670.5
2014/12/17,22697.67969,22585.83984
2014/12/18,22878.33984,22832.21094
2014/12/19,23158.26953,23116.63086
2014/12/22,23264.05078,23408.57031
2014/12/23,23423.33008,23333.68945
2014/12/24,23290.41992,23349.33984
2014/12/29,23694.5293,23773.17969
2014/12/30,23853.13086,23501.09961
2014/12/31,23480.81055,23605.03906
2015/1/2,23699.19922,23721.30078
2015/1/5,23699.18945,23721.32031
2015/1/6,23515.13086,23485.41016
2015/1/7,23396.69922,23681.25977
2015/1/8,23920.34961,23835.5293
2015/1/9,24049.69922,23919.94922
2015/1/12,24118.58984,24026.46094
2015/1/13,23908.23047,24215.9707
2015/1/14,24276.33008,24112.59961
2015/1/15,24169.34961,24350.91016
2015/1/16,24196.84961,24103.51953
2015/1/19,23971.23047,23738.49023
2015/1/20,23798.46094,23951.16016
2015/1/21,24036.41016,24352.58008
2015/1/22,24480.01953,24522.63086
2015/1/23,24807.35938,24850.44922
2015/1/26,24907.18945,24909.90039
2015/1/27,24995.08008,24807.2793
2015/1/28,24799.98047,24861.81055
2015/1/29,24645.19922,24595.84961
2015/1/30,24771.36914,24507.05078
2015/2/2,24347.26953,24484.74023
2015/2/3,24542.49023,24554.7793
2015/2/4,24750.75977,24679.75977
2015/2/5,25048.25977,24765.49023
2015/2/6,24843.19922,24679.39063
2015/2/9,24529.55078,24521
2015/2/10,24475.03906,24528.09961
2015/2/11,24512.61914,24315.01953
2015/2/12,24377.58984,24422.15039
2015/2/13,24535.66016,24682.53906
2015/2/16,24717.49023,24726.5293
2015/2/17,24653.88086,24784.88086
2015/2/18,24836.05078,24832.08008
2015/2/23,24916.24023,24836.75977
2015/2/24,24776.7207,24750.07031
2015/2/25,24822.2793,24778.2793
2015/2/26,24718.2793,24902.06055
2015/2/27,24902.60938,24823.28906
2015/3/2,24996.75977,24887.43945
2015/3/3,24984.61914,24702.7793
2015/3/4,24656.93945,24465.38086
2015/3/5,24274.90039,24193.03906
2015/3/6,24235.75977,24164
2015/3/9,23982.5,24123.05078
2015/3/10,24150.67969,23896.98047
2015/3/11,23807.09961,23717.9707
2015/3/12,23709.16992,23797.96094
2015/3/13,23808.9707,23823.21094
2015/3/16,23771.40039,23949.55078
2015/3/17,24106.4707,23901.49023
2015/3/18,23938.63086,24120.08008
2015/3/19,24325.56055,24468.89063
2015/3/20,24417.5293,24375.24023
2015/3/23,24538.33984,24494.50977
2015/3/24,24484.67969,24399.59961
2015/3/25,24410.5293,24528.23047
2015/3/26,24442.50977,24497.08008
2015/3/27,24541.43945,24486.19922
2015/3/30,24727.46094,24855.11914
2015/3/31,25113.19922,24900.89063
2015/4/1,24955.19922,25082.75
2015/4/2,25214.33008,25275.64063
2015/4/8,25708.24023,26236.85938
2015/4/9,26913.2793,26944.39063
2015/4/10,27373.67969,27272.39063
2015/4/13,27374.33008,28016.33984
2015/4/14,27688.25977,27561.49023
2015/4/15,27693.25,27618.82031
2015/4/16,27557.28906,27739.71094
2015/4/17,27808.24023,27653.11914
2015/4/20,27770.78906,27094.92969
2015/4/21,27404.15039,27850.49023
2015/4/22,27821.32031,27933.84961
2015/4/23,28112.38086,27827.69922
2015/4/24,27978.39063,28060.98047
2015/4/27,28245.14063,28433.58984
2015/4/28,28448.2207,28442.75
2015/4/29,28453.09961,28400.33984
2015/4/30,28289.14063,28133
2015/5/4,28231.25977,28123.82031
2015/5/5,28295.7207,27755.53906
2015/5/6,27698.09961,27640.91016
2015/5/7,27567.61914,27289.9707
2015/5/8,27557.51953,27577.33984
2015/5/11,27837.03906,27718.19922
2015/5/12,27664.17969,27407.17969
2015/5/13,27473.5,27249.2793
2015/5/14,27395.91992,27286.55078
2015/5/15,27459.58008,27822.2793
2015/5/18,27792.43945,27591.25
2015/5/19,27597.07031,27693.53906
2015/5/20,27751.43945,27585.05078
2015/5/21,27507.32031,27523.7207
2015/5/22,27723.66992,27992.83008
2015/5/26,28462.32031,28249.85938
2015/5/27,28214.66016,28081.21094
2015/5/28,28162.25,27454.31055
2015/5/29,27398.2793,27424.18945
2015/6/1,27373.06055,27597.16016
2015/6/2,27473.44922,27466.7207
2015/6/3,27716.33984,27657.4707
2015/6/4,27645.35938,27551.89063
2015/6/5,27538.06055,27260.16016
2015/6/8,27147.24023,27316.2793
2015/6/9,27295.88086,26989.51953
2015/6/10,27052.78906,26687.64063
2015/6/11,26938.15039,26907.84961
2015/6/12,27082.59961,27280.53906
2015/6/15,27095.17969,26861.81055
2015/6/16,26807.66992,26566.69922
2015/6/17,26671.19922,26753.78906
2015/6/18,26786.5293,26694.66016
2015/6/19,26885.73047,26760.5293
2015/6/22,26854.32031,27080.84961
2015/6/23,27126.4707,27333.46094
2015/6/24,27397.36914,27404.9707
2015/6/25,27329.16992,27145.75
2015/6/26,27016.08984,26663.86914
2015/6/29,26560.13086,25966.98047
2015/6/30,25944.0293,26250.0293
2015/7/2,26459.42969,26282.32031
2015/7/3,26349.83984,26064.10938
2015/7/6,26083.99023,25236.2793
2015/7/7,25391.75977,24975.31055
2015/7/8,24411.30078,23516.56055
2015/7/9,23435.5,24392.78906
2015/7/10,24567.91992,24901.2793
2015/7/13,24709.58008,25224.00977
2015/7/14,25184.06055,25120.91016
2015/7/15,25219.44922,25055.75977
2015/7/16,24976.08008,25162.7793
2015/7/17,25246.64063,25415.26953
2015/7/20,25540.31055,25404.81055
2015/7/21,25428.88086,25536.42969
2015/7/22,25401.78906,25282.61914
2015/7/23,25308.55078,25398.84961
2015/7/24,25279.94922,25128.50977
2015/7/27,24906.7793,24351.96094
2015/7/28,24269.90039,24503.93945
2015/7/29,24630.43945,24619.44922
2015/7/30,24822.41992,24497.98047
2015/7/31,24650.92969,24636.2793
2015/8/3,24533.14063,24411.41992
2015/8/4,24364.41016,24406.11914
2015/8/5,24466.30078,24514.16016
2015/8/6,24527.74023,24375.2793
2015/8/7,24327.56055,24552.4707
2015/8/10,24433.66016,24521.11914
2015/8/11,24694.7793,24498.21094
2015/8/12,24269.10938,23916.01953
2015/8/13,23935.48047,24018.80078
2015/8/14,24055.01953,23991.0293
2015/8/17,23945.59961,23814.65039
2015/8/18,23956.85938,23474.9707
2015/8/19,23555.01953,23167.84961
2015/8/20,22973.86914,22757.4707
2015/8/21,22343.25,22409.61914
2015/8/24,21605.9707,21251.57031
2015/8/25,21119.5293,21404.96094
2015/8/26,21434.25,21080.39063
2015/8/27,21758.61914,21838.53906
2015/8/28,22424.40039,21612.39063
2015/8/31,21793.01953,21670.58008
2015/9/1,21692.7793,21185.42969
2015/9/2,21101.41992,20934.93945
2015/9/4,21158.92969,20840.60938
2015/9/7,20683.31055,20583.51953
2015/9/8,20636.83008,21259.03906
2015/9/9,21632.68945,22131.31055
2015/9/10,21667.85938,21562.5
2015/9/11,21710.13086,21504.36914
2015/9/14,21678.88086,21561.90039
2015/9/15,21527.5293,21455.23047
2015/9/16,21731.33984,21966.66016
2015/9/17,22172.67969,21854.63086
2015/9/18,21807.25,21920.83008
2015/9/21,21614.42969,21756.92969
2015/9/22,21794.33984,21796.58008
2015/9/23,21529.4707,21302.91016
2015/9/24,21304.90039,21095.98047
2015/9/25,21070.39063,21186.32031
2015/9/29,20579.2207,20556.59961
2015/9/30,20795.92969,20846.30078
2015/10/2,21172.93945,21506.08984
2015/10/5,21930.9707,21854.5
2015/10/6,22169.09961,21831.61914
2015/10/7,21884.73047,22515.75977
2015/10/8,22588.68945,22354.91016
2015/10/9,22615.93945,22458.80078
2015/10/12,22614.33008,22730.92969
2015/10/13,22677.59961,22600.46094
2015/10/14,22398.82031,22439.91016
2015/10/15,22667.41992,22888.16992
2015/10/16,23133.58984,23067.36914
2015/10/19,23085.60938,23075.60938
2015/10/20,22991.59961,22989.2207
2015/10/22,22795.58008,22845.36914
2015/10/23,23220.38086,23151.93945
2015/10/26,23423.64063,23116.25
2015/10/27,23053.11914,23142.73047
2015/10/28,23070.69922,22956.57031
2015/10/29,23054.5293,22819.93945
2015/10/30,22785.85938,22640.03906
2015/11/2,22502.2793,22370.03906
2015/11/3,22603.15039,22568.42969
2015/11/4,22737.43945,23053.57031
2015/11/5,23045.09961,23051.03906
2015/11/6,22914.19922,22867.33008
2015/11/9,22753.50977,22726.76953
2015/11/10,22505.69922,22401.69922
2015/11/11,22394.15039,22352.16992
2015/11/12,22477.59961,22888.91992
2015/11/13,22494.08984,22396.14063
2015/11/16,21958.2793,22010.82031
2015/11/17,22315.17969,22264.25
2015/11/18,22331.76953,22188.25977
2015/11/19,22423.88086,22500.2207
2015/11/20,22510.44922,22754.7207
2015/11/23,22760.05078,22665.90039
2015/11/24,22593.08984,22587.63086
2015/11/25,22533.5293,22498
2015/11/26,22749.59961,22488.93945
2015/11/27,22555.41992,22068.32031
2015/11/30,21974.84961,21996.41992
2015/12/1,22197.81055,22381.34961
2015/12/2,22471.34961,22479.68945
2015/12/3,22327.03906,22417.00977
2015/12/4,22142.10938,22235.89063
2015/12/7,22336.32031,22203.2207
2015/12/8,22058.55078,21905.13086
2015/12/9,21773.76953,21803.75977
2015/12/10,21714.23047,21704.60938
2015/12/11,21719.16992,21464.05078
2015/12/14,21063.2793,21309.84961
2015/12/15,21215.53906,21274.36914
2015/12/16,21557.73047,21701.21094
2015/12/17,21841.08984,21872.06055
2015/12/18,21656.56055,21755.56055
2015/12/21,21641.16992,21791.67969
2015/12/22,21846.90039,21830.01953
2015/12/23,21869.40039,22040.58984
2015/12/24,22207.82031,22138.13086
2015/12/28,22151.73047,21919.61914
2015/12/29,21923.26953,21999.61914
2015/12/30,22094.58984,21882.15039
2015/12/31,21892.25,21914.40039
2016/1/4,21782.61914,21327.11914
2016/1/5,21318.68945,21188.7207
2016/1/6,21142.63086,20980.81055
2016/1/7,20772.59961,20333.33984
2016/1/8,20491.88086,20453.71094
2016/1/11,19997.41992,19888.5
2016/1/12,20030.0293,19711.75977
2016/1/13,20028.85938,19934.88086
2016/1/14,19578.91992,19817.41016
2016/1/15,19781.46094,19520.76953
2016/1/18,19287.38086,19237.44922
2016/1/19,19283.57031,19635.81055
2016/1/20,19332.2207,18886.30078
2016/1/21,19079.13086,18542.15039
2016/1/22,19000.78906,19080.50977
2016/1/25,19341.41016,19340.14063
2016/1/26,19068.83984,18860.80078
2016/1/27,19211.85938,19052.44922
2016/1/28,19093.76953,19195.83008
2016/1/29,19138.41992,19683.10938
2016/2/1,19770.96094,19595.5
2016/2/2,19474.86914,19446.83984
2016/2/3,18910.88086,18991.58984
2016/2/4,19190.35938,19183.08984
2016/2/5,19287.35938,19288.16992
2016/2/11,18486.92969,18545.80078
2016/2/12,18278.80078,18319.58008
2016/2/15,18668.86914,18918.14063
2016/2/16,19013.74023,19122.08008
2016/2/17,19198.17969,18924.57031
2016/2/18,19409.21094,19363.08008
2016/2/19,19238.42969,19285.5
2016/2/22,19374.24023,19464.08984
2016/2/23,19506.93945,19414.7793
2016/2/24,19282.33984,19192.44922
2016/2/25,19215.49023,18888.75
2016/2/26,19179.94922,19364.15039
2016/2/29,19366.16992,19111.92969
2016/3/1,19259.99023,19407.46094
2016/3/2,19788.16992,20003.49023
2016/3/3,20082.00977,19941.75977
2016/3/4,20052.09961,20176.69922
2016/3/7,20306.08984,20159.7207
2016/3/8,20132.09961,20011.58008
2016/3/9,19898.74023,19996.25977
2016/3/10,20055.41992,19984.41992
2016/3/11,19900.66992,20199.59961
2016/3/14,20371.58984,20435.33984
2016/3/15,20298.15039,20288.76953
2016/3/16,20339.90039,20257.69922
2016/3/17,20580.06055,20503.81055
2016/3/18,20599.18945,20671.63086
2016/3/21,20738.25,20684.15039
2016/3/22,20765.07031,20666.75
2016/3/23,20629.40039,20615.23047
2016/3/24,20450.68945,20345.60938
2016/3/29,20386.32031,20366.30078
2016/3/30,20545.43945,20803.39063
2016/3/31,20811.46094,20776.69922
2016/4/1,20786.17969,20498.91992
2016/4/5,20311.85938,20177
2016/4/6,20100,20206.66992
2016/4/7,20297.82031,20266.05078
2016/4/8,20061.59961,20370.40039
2016/4/11,20255.83984,20440.81055
2016/4/12,20440.7207,20504.43945
2016/4/13,20739.33984,21158.71094
2016/4/14,21456.60938,21337.81055
2016/4/15,21374.65039,21316.4707
2016/4/18,21129.67969,21161.5
2016/4/19,21438.13086,21436.21094
2016/4/20,21452.82031,21236.31055
2016/4/21,21406.40039,21622.25
2016/4/22,21448.15039,21467.03906
2016/4/25,21408.56055,21304.43945
2016/4/26,21380.01953,21407.26953
2016/4/27,21372.33008,21361.59961
2016/4/28,21488.96094,21388.0293
2016/4/29,21215.19922,21067.05078
2016/5/3,21061.76953,20676.93945
2016/5/4,20556.5,20525.83008
2016/5/5,20363.85938,20449.82031
2016/5/6,20357.44922,20109.86914
2016/5/9,20279.90039,20156.81055
2016/5/10,19962.42969,20242.67969
2016/5/11,20347.75977,20055.28906
2016/5/12,20100.5,19915.46094
2016/5/13,19843.49023,19719.28906
2016/5/16,19711.76953,19883.94922
2016/5/17,19987.24023,20118.80078
2016/5/18,19862.41992,19826.41016
2016/5/19,19729.63086,19694.33008
2016/5/20,19631.71094,19852.19922
2016/5/23,19788.13086,19809.0293
2016/5/24,19828.01953,19830.42969
2016/5/25,20156.75977,20368.05078
2016/5/26,20373.48047,20397.10938
2016/5/27,20425,20576.76953
2016/5/30,20523.66992,20629.39063
2016/5/31,20617.33008,20815.08984
2016/6/1,20726.5293,20760.98047
2016/6/2,20769.81055,20859.2207
2016/6/3,20956.08008,20947.24023
2016/6/6,20971.13086,21030.2207
2016/6/7,21218.96094,21328.24023
2016/6/8,21294.26953,21297.88086
2016/6/10,21240.08008,21042.64063
2016/6/13,20647.50977,20512.99023
2016/6/14,20476.75,20387.5293
2016/6/15,20161.00977,20467.51953
2016/6/16,20284.91016,20038.41992
2016/6/17,20244.23047,20169.98047
2016/6/20,20425.06055,20510.19922
2016/6/21,20522.35938,20668.43945
2016/6/22,20553.93945,20795.11914
2016/6/23,20862.58984,20868.33984
2016/6/24,20483.50977,20259.13086
2016/6/27,19982.66016,20227.30078
2016/6/28,19898.75,20172.46094
2016/6/29,20217.07031,20436.11914
2016/6/30,20736.84961,20794.36914
2016/7/4,20967.4707,21059.19922
2016/7/5,20919.51953,20750.7207
2016/7/6,20475.40039,20495.28906
2016/7/7,20606.67969,20706.91992
2016/7/8,20622.83008,20564.16992
2016/7/11,20951.16992,20880.5
2016/7/12,21046.93945,21224.74023
2016/7/13,21356.64063,21322.36914
2016/7/14,21297.53906,21561.06055
2016/7/15,21589.08008,21659.25
2016/7/18,21656.88086,21803.17969
2016/7/19,21734.33984,21673.19922
2016/7/20,21646.39063,21882.48047
2016/7/21,21971.9707,22000.49023
2016/7/22,21913.03906,21964.26953
2016/7/25,22071.76953,21993.43945
2016/7/26,21890.89063,22129.73047
2016/7/27,22193.31055,22218.99023
2016/7/28,22134.11914,22174.33984
2016/7/29,22055.94922,21891.36914
2016/8/1,22027.65039,22129.14063
2016/8/2,null,null
2016/8/3,21743.32031,21739.11914
2016/8/4,21873.35938,21832.23047
2016/8/5,21961.05078,22146.08984
2016/8/8,22324.17969,22494.75977
2016/8/9,22464.09961,22465.60938
2016/8/10,22511.09961,22492.42969
2016/8/11,22412.31055,22580.55078
2016/8/12,22788.88086,22766.91016
2016/8/15,22765.23047,22932.50977
2016/8/16,23008.08984,22910.83984
2016/8/17,22995.50977,22799.7793
2016/8/18,23046.68945,23023.16016
2016/8/19,23153.74023,22937.2207
2016/8/22,22941.5293,22997.91016
2016/8/23,22927.4707,22998.92969
2016/8/24,23010.63086,22820.7793
2016/8/25,22814.36914,22814.94922
2016/8/26,22827.2207,22909.53906
2016/8/29,22904.19922,22821.33984
2016/8/30,22945.08008,23016.10938
2016/8/31,23043.08008,22976.88086
2016/9/1,22897.16016,23162.33984
2016/9/2,23157.00977,23266.69922
2016/9/5,23576.31055,23649.55078
2016/9/6,23683.2793,23787.67969
2016/9/7,23785.23047,23741.81055
2016/9/8,23704.35938,23919.33984
2016/9/9,23924.76953,24099.69922
2016/9/12,23596.0293,23290.59961
2016/9/13,23564.13086,23215.75977
2016/9/14,23225.58008,23190.64063
2016/9/15,23237.19922,23335.58984
2016/9/19,23486.61914,23550.44922
2016/9/20,23494.00977,23530.85938
2016/9/21,23522.85938,23669.90039
2016/9/22,23920.17969,23759.80078
2016/9/23,23836.59961,23686.48047
2016/9/26,23554.83008,23317.91992
2016/9/27,23356.0293,23571.90039
2016/9/28,23455.73047,23619.65039
2016/9/29,23828.59961,23739.4707
2016/9/30,23435.28906,23297.15039
2016/10/3,23652.83008,23584.42969
2016/10/4,23665.34961,23689.43945
2016/10/5,23619.91016,23788.31055
2016/10/6,23859.41016,23952.5
2016/10/7,23948.94922,23851.82031
2016/10/11,24013.83984,23549.51953
2016/10/12,23386.91992,23407.05078
2016/10/13,23300.38086,23031.30078
2016/10/14,23119.96094,23233.31055
2016/10/17,23164.53906,23037.53906
2016/10/18,23130.19922,23394.39063
2016/10/19,23393.80078,23304.9707
2016/10/20,23412.67969,23374.40039
2016/10/21,null,null
2016/10/24,23431.63086,23604.08008
2016/10/25,23581.68945,23565.10938
2016/10/26,23396.14063,23325.42969
2016/10/27,23347.18945,23132.34961
2016/10/28,23088.83008,22954.81055
2016/10/31,22845.82031,22934.53906
2016/11/1,23015.06055,23147.07031
2016/11/2,22946.06055,22810.5
2016/11/3,22708.55078,22683.50977
2016/11/4,22611.53906,22642.61914
2016/11/7,22682.71094,22801.40039
2016/11/8,22981.91016,22909.4707
2016/11/9,23048.32031,22415.18945
2016/11/10,22848.74023,22839.10938
2016/11/11,22622.46094,22531.08984
2016/11/14,22344.23047,22222.2207
2016/11/15,22270.90039,22323.91016
2016/11/16,22439.98047,22280.5293
2016/11/17,22170.07031,22262.88086
2016/11/18,22239.23047,22344.21094
2016/11/21,22313.03906,22357.7793
2016/11/22,22491.71094,22678.07031
2016/11/23,22702.41016,22676.68945
2016/11/24,22574.82031,22608.49023
2016/11/25,22609.2207,22723.44922
2016/11/28,22738.93945,22830.57031
2016/11/29,22739.50977,22737.07031
2016/11/30,22842.35938,22789.76953
2016/12/1,22948.65039,22878.23047
2016/12/2,22736.83984,22564.82031
2016/12/5,22580.75,22505.55078
2016/12/6,22694.26953,22675.15039
2016/12/7,22805.13086,22800.91992
2016/12/8,23027.38086,22861.83984
2016/12/9,22765.83984,22760.98047
2016/12/12,22860.26953,22433.01953
2016/12/13,22407.61914,22446.69922
2016/12/14,22596.71094,22456.61914
2016/12/15,22257.71094,22059.40039
2016/12/16,21996.38086,22020.75
2016/12/19,21945.83984,21832.67969
2016/12/20,21767.60938,21729.06055
2016/12/21,21770.89063,21809.80078
2016/12/22,21800.2207,21636.19922
2016/12/23,21553.7793,21574.75977
2016/12/28,21562.69922,21754.74023
2016/12/29,21591.03906,21790.91016
2016/12/30,21818.91016,22000.56055
2017/1/3,21993.35938,22150.40039
2017/1/4,22201.08008,22134.4707
2017/1/5,22302.64063,22456.68945
2017/1/6,22583.28906,22503.00977
2017/1/9,22561.10938,22558.68945
2017/1/10,22561.16992,22744.84961
2017/1/11,22816.00977,22935.34961
2017/1/12,22956.43945,22829.01953
2017/1/13,22879.57031,22937.38086
2017/1/16,22895.35938,22718.15039
2017/1/17,22819.86914,22840.9707
2017/1/18,22889.33008,23098.25977
2017/1/19,23104.34961,23049.96094
2017/1/20,22966.5293,22885.91016
2017/1/23,22926.30078,22898.51953
2017/1/24,22965.25,22949.85938
2017/1/25,23066.40039,23049.11914
2017/1/26,23173.46094,23374.16992
2017/1/27,23339.15039,23360.7793
2017/2/1,23211.88086,23318.39063
2017/2/2,23309.46094,23184.51953
2017/2/3,23216.9707,23129.21094
2017/2/6,23239.28906,23348.24023
2017/2/7,23287.89063,23331.57031
2017/2/8,23284.75977,23485.13086
2017/2/9,23533.51953,23525.14063
2017/2/10,23645.90039,23574.98047
2017/2/13,23664.5293,23710.98047
2017/2/14,23695.28906,23703.00977
2017/2/15,23771.94922,23994.86914
2017/2/16,24139.31055,24107.69922
2017/2/17,24077.86914,24033.74023
2017/2/20,24066,24146.08008
2017/2/21,24174.10938,23963.63086
2017/2/22,24059.08984,24201.96094
2017/2/23,24122.17969,24114.85938
2017/2/24,24115.60938,23965.69922
2017/2/27,23941.81055,23925.05078
2017/2/28,23952.64063,23740.73047
2017/3/1,23849.2207,23776.49023
2017/3/2,24044.48047,23728.07031
2017/3/3,23618.35938,23552.7207
2017/3/6,23600.49023,23596.2793
2017/3/7,23630.34961,23681.07031
2017/3/8,23627.2793,23782.26953
2017/3/9,23667.76953,23501.56055
2017/3/10,23534.98047,23568.66992
2017/3/13,23643.30078,23829.66992
2017/3/14,23871,23827.94922
2017/3/15,23705.07031,23792.84961
2017/3/16,24101.98047,24288.2793
2017/3/17,24376.13086,24309.92969
2017/3/20,24312.57031,24501.99023
2017/3/21,24565.73047,24593.11914
2017/3/22,24336.33008,24320.41016
2017/3/23,24381.03906,24327.69922
2017/3/24,24396.41016,24358.26953
2017/3/27,24235.68945,24193.69922
2017/3/28,24329.16992,24345.86914
2017/3/29,24470.66016,24392.05078
2017/3/30,24429.11914,24301.08984
2017/3/31,24305.5293,24111.58984
2017/4/3,24236.56055,24261.48047
2017/4/5,24370.94922,24400.80078
2017/4/6,24310.41016,24273.7207
2017/4/7,24247.00977,24267.30078
2017/4/10,24302.00977,24262.17969
2017/4/11,24280.86914,24088.46094
2017/4/12,24068.91016,24313.5
2017/4/13,24173.41992,24261.66016
2017/4/18,24268.16992,23924.53906
2017/4/19,23875.98047,23825.88086
2017/4/20,23851.01953,24056.98047
2017/4/21,24143.03906,24042.01953
2017/4/24,24185.75977,24139.48047
2017/4/25,24204.7793,24455.93945
2017/4/26,24563.25,24578.42969
2017/4/27,24663.09961,24698.48047
2017/4/28,24691.28906,24615.13086
2017/5/2,24773.80078,24696.13086
2017/5/4,24680.44922,24683.88086
2017/5/5,24625.34961,24476.34961
2017/5/8,24604.28906,24577.91016
2017/5/9,24656.94922,24889.0293
2017/5/10,24931.82031,25015.41992
2017/5/11,25101.5293,25125.55078
2017/5/12,25126.48047,25156.33984
2017/5/15,25233.31055,25371.58984
2017/5/16,25413.34961,25335.93945
2017/5/17,25355.75977,25293.63086
2017/5/18,25034.18945,25136.51953
2017/5/19,25171.66016,25174.86914
2017/5/22,25318.28906,25391.33984
2017/5/23,25415.57031,25403.15039
2017/5/24,25382.25977,25428.5
2017/5/25,25511.46094,25630.7793
2017/5/26,25670.98047,25639.26953
2017/5/29,25672.40039,25701.63086
2017/5/31,25706.44922,25660.65039
2017/6/1,25736.34961,25809.2207
2017/6/2,25926.06055,25924.05078
2017/6/5,25976.35938,25862.99023
2017/6/6,25819.5293,25997.14063
2017/6/7,26025.21094,25974.16016
2017/6/8,25974,26063.06055
2017/6/9,26090.33008,26030.28906
2017/6/12,25925.44922,25708.03906
2017/6/13,25826.51953,25852.09961
2017/6/14,25915.46094,25875.90039
2017/6/15,25772.2793,25565.33984
2017/6/16,25601.81055,25626.49023
2017/6/19,25736.19922,25924.55078
2017/6/20,26028.42969,25843.03906
2017/6/21,25752.26953,25694.58008
2017/6/22,25597.46094,25674.5293
2017/6/23,25724.2793,25670.05078
2017/6/26,25727.92969,25871.89063
2017/6/27,25911.19922,25839.99023
2017/6/28,25735.21094,25683.5
2017/6/29,25872.92969,25965.41992
2017/6/30,25679.64063,25764.58008
2017/7/3,25654.76953,25784.16992
2017/7/4,25782.84961,25389.00977
2017/7/5,25354.38086,25521.9707
2017/7/6,25574.57031,25465.2207
2017/7/7,25377.21094,25340.84961
2017/7/10,25392.0293,25500.06055
2017/7/11,25605.18945,25877.64063
2017/7/12,25991.34961,26043.64063
2017/7/13,26340.28906,26346.16992
2017/7/14,26416.67969,26389.23047
2017/7/17,26572.91992,26470.58008
2017/7/18,26489.51953,26524.93945
2017/7/19,26561.81055,26672.16016
2017/7/20,26770.48047,26740.21094
2017/7/21,26777.43945,26706.08984
2017/7/24,26720.03906,26846.83008
2017/7/25,26847.58008,26852.05078
2017/7/26,26960.81055,26941.01953
2017/7/27,27002.69922,27131.16992
2017/7/28,27007.9707,26979.39063
2017/7/31,27048.44922,27323.99023
2017/8/1,27326.03906,27540.23047
2017/8/2,27645.2793,27607.38086
2017/8/3,27533.50977,27531.00977
2017/8/4,27564.71094,27562.67969
2017/8/7,27665.71094,27690.35938
2017/8/8,27684.59961,27854.91016
2017/8/9,27760.08008,27757.08984
2017/8/10,27791.35938,27444
2017/8/11,27000.42969,26883.50977
2017/8/14,27091.76953,27250.23047
2017/8/15,27371.25,27174.96094
2017/8/16,27238.81055,27409.07031
2017/8/17,27610.28906,27344.2207
2017/8/18,26999.59961,27047.57031
2017/8/21,27100.63086,27154.67969
2017/8/22,27322.19922,27401.66992
2017/8/23,null,null
2017/8/24,27642.23047,27518.59961
2017/8/25,27539.10938,27848.16016
2017/8/28,27905.58984,27863.28906
2017/8/29,27744.58008,27765.00977
2017/8/30,27957.74023,28094.60938
2017/8/31,27934.44922,27970.30078
2017/9/1,28015.2207,27953.16016
2017/9/4,27881.71094,27740.25977
2017/9/5,27797.43945,27741.34961
2017/9/6,27671.56055,27613.75977
2017/9/7,27817.86914,27522.91992
2017/9/8,27571.58984,27668.4707
2017/9/11,27877.68945,27955.13086
2017/9/12,28068.69922,27972.24023
2017/9/13,27984.26953,27894.08008
2017/9/14,27788.83984,27777.19922
2017/9/15,27736.59961,27807.58984
2017/9/18,27971.36914,28159.76953
2017/9/19,28200.53906,28051.41016
2017/9/20,28099.28906,28127.80078
2017/9/21,28091.24023,28110.33008
2017/9/22,27949.83008,27880.5293
2017/9/25,27851.53906,27500.33984
2017/9/26,27308.60938,27513.00977
2017/9/27,27503.05078,27642.42969
2017/9/28,27661.26953,27421.59961
2017/9/29,27492.13086,27554.30078
2017/10/3,27884.21094,28173.21094
2017/10/4,28311.26953,28379.17969
2017/10/6,28626.41016,28458.03906
2017/10/9,28440.16992,28326.58984
2017/10/10,28334.91992,28490.83008
2017/10/11,28622.00977,28389.57031
2017/10/12,28431.05078,28459.0293
2017/10/13,28423.65039,28476.42969
2017/10/16,28661.98047,28692.80078
2017/10/17,28777.17969,28697.49023
2017/10/18,28636.19922,28711.75977
2017/10/19,28783.84961,28159.08984
2017/10/20,28360.01953,28487.24023
2017/10/23,28557.80078,28305.88086
2017/10/24,28232.61914,28154.9707
2017/10/25,28238.84961,28302.89063
2017/10/26,28165.60938,28202.38086
2017/10/27,28332.91016,28438.84961
2017/10/30,28585.15039,28336.18945
2017/10/31,28247,28245.53906
2017/11/1,28387.55078,28594.06055
2017/11/2,28604.94922,28518.64063
2017/11/3,28603.50977,28603.60938
2017/11/6,28616.34961,28596.80078
2017/11/7,28715.40039,28994.33984
2017/11/8,28950.5,28907.59961
2017/11/9,28987.78906,29136.57031
2017/11/10,29060.13086,29120.91992
2017/11/13,29058.23047,29182.17969
2017/11/14,29272.09961,29152.11914
2017/11/15,29026.10938,28851.68945
2017/11/16,28963.76953,29018.75977
2017/11/17,29214.35938,29199.03906
2017/11/20,29227.08008,29260.31055
2017/11/21,29369.68945,29818.07031
2017/11/22,30087.18945,30003.49023
2017/11/23,30033.17969,29707.93945
2017/11/24,29788.17969,29866.32031
2017/11/27,29857.65039,29686.18945
2017/11/28,29608.64063,29680.84961
2017/11/29,29813.93945,29623.83008
2017/11/30,29340.26953,29177.34961
2017/12/1,29261.31055,29074.24023
2017/12/4,28951.18945,29138.2793
2017/12/5,28898.58008,28842.80078
2017/12/6,28850.35938,28224.80078
2017/12/7,28366.14063,28303.18945
2017/12/8,28400.00977,28639.84961
2017/12/11,28645.41016,28965.28906
2017/12/12,28972.74023,28793.88086
2017/12/13,28856.7793,29222.09961
2017/12/14,29335.75977,29166.38086
2017/12/15,29000.10938,28848.10938
2017/12/18,28923.5293,29050.41016
2017/12/19,29193.74023,29253.66016
2017/12/20,29199.28906,29234.08984
2017/12/21,29209.64063,29367.06055
2017/12/22,29505.05078,29578.00977
2017/12/27,29632.9707,29597.66016
2017/12/28,29684.78906,29863.71094
2017/12/29,29914.05078,29919.15039
2018/1/2,30028.28906,30515.31055
2018/1/3,30658.73047,30560.94922
2018/1/4,30691.71094,30736.48047
2018/1/5,30893.85938,30814.64063
2018/1/8,30895.08984,30899.5293
2018/1/9,30933.50977,31011.41016
2018/1/10,31009.24023,31073.7207
2018/1/11,31066.21094,31120.39063
2018/1/12,31298.05078,31412.53906
2018/1/15,31702.56055,31338.86914
2018/1/16,31423.61914,31904.75
2018/1/17,31825.51953,31983.41016
2018/1/18,32148.44922,32121.93945
2018/1/19,32142.16016,32254.89063
2018/1/22,32276.96094,32393.41016
2018/1/23,32606.14063,32930.69922
2018/1/24,32907.23047,32958.69141
2018/1/25,32979.37891,32654.44922
2018/1/26,32836.28125,33154.12109
2018/1/29,33335.48047,32966.89063
2018/1/30,32751.7207,32607.28906
2018/1/31,32435.75977,32887.26953
2018/2/1,32950.30078,32642.08984
2018/2/2,32569.00977,32601.7793
2018/2/5,31715.56055,32245.2207
2018/2/6,31028.67969,30595.41992
2018/2/7,31378.34961,30323.19922
2018/2/8,30555.80078,30451.26953
2018/2/9,29679.21094,29507.41992
2018/2/12,29713.08008,29459.63086
2018/2/13,29850.15039,29839.5293
2018/2/14,30024.4707,30515.59961
2018/2/15,30958.71094,31115.42969
2018/2/20,31165.28906,30873.63086
2018/2/21,31050.51953,31431.89063
2018/2/22,31084.44922,30965.67969
2018/2/23,31289.08008,31267.16992
2018/2/26,31528.28906,31498.59961
2018/2/27,31790.84961,31268.66016
2018/2/28,31037.41016,30844.7207
2018/3/1,30476.99023,31044.25
2018/3/2,30611.09961,30583.44922
2018/3/5,30524.25977,29886.39063
2018/3/6,30380.96094,30510.73047
2018/3/7,30323.76953,30196.91992
2018/3/8,30523.67969,30654.51953
2018/3/9,30858.26953,30996.21094
2018/3/12,31536.30078,31594.33008
2018/3/13,31570.19922,31601.44922
2018/3/14,31321.78906,31435.00977
2018/3/15,31181.15039,31541.09961
2018/3/16,31363.0293,31501.9707
2018/3/19,31370.4707,31513.75977
2018/3/20,31315.41992,31549.92969
2018/3/21,31811.98047,31414.51953
2018/3/22,31575.92969,31071.05078
2018/3/23,29930.23047,30309.28906
2018/3/26,30267.07031,30548.76953
2018/3/27,30985.75,30790.83008
2018/3/28,30510.38086,30022.5293
2018/3/29,30154.17969,30093.38086
2018/4/3,29927.88086,30180.09961
2018/4/4,30244.2207,29518.68945
2018/4/6,29750.24023,29844.93945
2018/4/9,30104.32031,30229.58008
2018/4/10,30205.08984,30728.74023
2018/4/11,30761.23047,30897.71094
2018/4/12,31094.10938,30831.2793
2018/4/13,31076.75977,30808.38086
2018/4/16,30849.7207,30315.58984
2018/4/17,30354.89063,30062.75
2018/4/18,30469.94922,30284.25
2018/4/19,30532.94922,30708.43945
2018/4/20,30647.93945,30418.33008
2018/4/23,30327.0293,30254.40039
2018/4/24,30353.83008,30636.24023
2018/4/25,30486.85938,30328.15039
2018/4/26,30378.15039,30007.67969
2018/4/27,30300.83008,30280.66992
2018/4/30,30530.40039,30808.44922
2018/5/2,30782.21094,30723.88086
2018/5/3,30405.48047,30313.36914
2018/5/4,30316.98047,29926.5
2018/5/7,30102.06055,29994.25977
2018/5/8,30123.76953,30402.81055
2018/5/9,30452.16016,30536.14063
2018/5/10,30716.9707,30809.2207
2018/5/11,31151.80078,31122.06055
2018/5/14,31498.35938,31541.08008
2018/5/15,31573.17969,31152.0293
2018/5/16,31014.7207,31110.19922
2018/5/17,31416.71094,30942.15039
2018/5/18,31033.9707,31047.91016
2018/5/21,31232.78906,31234.34961
2018/5/23,31191.86914,30665.64063
2018/5/24,30718.66016,30760.41016
2018/5/25,30664.26953,30588.03906
2018/5/28,30759.83984,30792.25977
2018/5/29,30647.25977,30484.58008